application_id,student_id,internship_id,status,applied_at,last_updated,mentor_id,mentor_approval,approval_timestamp,remarks
1,1,22,Shortlisted,2025-08-25T05:50:54+05:30,2025-09-27T06:12:54+05:30,23,Approved,2025-09-10T06:18:54+05:30,Incomplete resume
2,1,17,Mentor_Approved,2025-08-22T03:04:54+05:30,2025-09-27T02:54:54+05:30,23,Approved,2025-09-07T13:33:54+05:30,
3,2,19,Offered,2025-09-21T15:32:54+05:30,2025-09-29T17:25:54+05:30,23,Approved,2025-09-18T11:23:54+05:30,Incomplete resume
4,2,10,Applied,2025-09-05T01:16:54+05:30,2025-09-26T16:52:54+05:30,23,Pending,2025-09-15T18:59:54+05:30,Awaiting test result
5,2,31,Interview_Scheduled,2025-08-04T13:09:54+05:30,2025-09-25T15:49:54+05:30,23,Approved,2025-09-12T06:30:54+05:30,
6,2,13,Offered,2025-09-19T15:39:54+05:30,2025-09-27T14:19:54+05:30,23,Approved,2025-09-04T06:44:54+05:30,Good fit
7,2,17,Shortlisted,2025-08-25T22:08:54+05:30,2025-09-26T22:16:54+05:30,23,Approved,2025-09-05T16:08:54+05:30,Good fit
8,3,28,Shortlisted,2025-08-08T06:00:54+05:30,2025-09-28T23:34:54+05:30,14,Approved,2025-09-13T22:45:54+05:30,Awaiting test result
9,3,6,Mentor_Approved,2025-09-05T00:30:54+05:30,2025-09-26T14:54:54+05:30,14,Approved,2025-09-25T08:36:54+05:30,
10,3,10,Rejected,2025-08-15T02:15:54+05:30,2025-09-28T10:11:54+05:30,14,Rejected,2025-09-05T07:39:54+05:30,
11,4,35,Mentor_Approved,2025-07-16T13:43:54+05:30,2025-09-24T21:50:54+05:30,16,Approved,2025-09-05T15:32:54+05:30,Good fit
12,4,16,Offered,2025-08-23T03:41:54+05:30,2025-09-25T20:46:54+05:30,16,Approved,2025-09-21T14:30:54+05:30,Good fit
13,5,35,Shortlisted,2025-09-23T13:19:54+05:30,2025-09-25T15:40:54+05:30,19,Approved,2025-08-30T08:10:54+05:30,Good fit
14,5,25,Mentor_Approved,2025-08-01T17:43:54+05:30,2025-09-28T18:12:54+05:30,19,Approved,2025-09-07T00:24:54+05:30,
15,5,36,Applied,2025-07-08T14:49:54+05:30,2025-09-26T09:02:54+05:30,19,Pending,2025-09-11T19:01:54+05:30,Incomplete resume
16,5,23,Shortlisted,2025-07-08T00:28:54+05:30,2025-09-27T07:28:54+05:30,19,Approved,2025-09-25T15:11:54+05:30,
17,6,5,Interview_Scheduled,2025-07-13T15:01:54+05:30,2025-09-24T23:38:54+05:30,3,Approved,2025-09-12T01:57:54+05:30,Incomplete resume
18,6,17,Applied,2025-08-01T09:08:54+05:30,2025-09-28T15:12:54+05:30,3,Rejected,2025-09-12T23:14:54+05:30,
19,6,6,Interview_Scheduled,2025-09-01T07:39:54+05:30,2025-09-25T10:23:54+05:30,3,Approved,2025-09-22T12:35:54+05:30,
20,7,32,Shortlisted,2025-07-02T15:58:54+05:30,2025-09-24T21:36:54+05:30,2,Approved,2025-09-18T00:04:54+05:30,
21,7,31,Applied,2025-08-08T12:38:54+05:30,2025-09-24T19:31:54+05:30,2,Pending,2025-09-17T16:06:54+05:30,
22,7,18,Offered,2025-08-21T01:25:54+05:30,2025-09-26T17:36:54+05:30,2,Approved,2025-09-10T07:27:54+05:30,Good fit
23,8,32,Offered,2025-09-13T08:24:54+05:30,2025-09-27T09:39:54+05:30,21,Approved,2025-09-20T09:27:54+05:30,Awaiting test result
24,8,7,Shortlisted,2025-07-26T03:35:54+05:30,2025-09-28T16:17:54+05:30,21,Approved,2025-09-18T12:21:54+05:30,Incomplete resume
25,8,8,Applied,2025-08-01T15:26:54+05:30,2025-09-29T04:11:54+05:30,21,Pending,2025-09-03T08:18:54+05:30,
26,8,9,Interview_Scheduled,2025-08-20T04:11:54+05:30,2025-09-29T05:34:54+05:30,21,Approved,2025-09-04T23:35:54+05:30,Incomplete resume
27,8,33,Applied,2025-08-17T18:54:54+05:30,2025-09-26T01:03:54+05:30,21,Approved,2025-09-26T00:58:54+05:30,Awaiting test result
28,9,1,Mentor_Approved,2025-07-27T17:13:54+05:30,2025-09-28T00:49:54+05:30,11,Approved,2025-09-08T15:36:54+05:30,
29,9,26,Rejected,2025-07-26T21:15:54+05:30,2025-09-27T20:59:54+05:30,11,Rejected,2025-09-11T20:01:54+05:30,Good fit
30,9,4,Withdrawn,2025-07-07T02:18:54+05:30,2025-09-26T14:58:54+05:30,11,Approved,2025-09-03T04:05:54+05:30,Incomplete resume
31,9,21,Applied,2025-07-08T16:43:54+05:30,2025-09-26T01:57:54+05:30,11,Pending,2025-09-03T08:07:54+05:30,Good fit
32,10,9,Offered,2025-09-08T12:21:54+05:30,2025-09-29T03:01:54+05:30,2,Approved,2025-09-03T21:38:54+05:30,Good fit
33,10,4,Mentor_Approved,2025-07-27T07:51:54+05:30,2025-09-28T09:39:54+05:30,2,Approved,2025-09-27T11:53:54+05:30,Incomplete resume
34,10,14,Shortlisted,2025-07-22T23:07:54+05:30,2025-09-25T09:24:54+05:30,2,Approved,2025-09-08T23:28:54+05:30,Good fit
35,11,28,Mentor_Approved,2025-07-30T21:47:54+05:30,2025-09-28T21:05:54+05:30,23,Approved,2025-09-17T13:00:54+05:30,Incomplete resume
36,11,30,Applied,2025-09-09T21:55:54+05:30,2025-09-29T13:11:54+05:30,23,Approved,2025-09-11T21:12:54+05:30,
37,11,36,Offered,2025-09-21T18:15:54+05:30,2025-09-25T20:47:54+05:30,23,Approved,2025-08-31T14:22:54+05:30,Awaiting test result
38,12,27,Withdrawn,2025-09-23T20:19:54+05:30,2025-09-27T00:36:54+05:30,22,Approved,2025-09-12T00:33:54+05:30,
39,12,36,Completed,2025-07-07T10:29:54+05:30,2025-09-25T22:44:54+05:30,22,Approved,2025-09-13T08:32:54+05:30,Good fit
40,12,5,Mentor_Approved,2025-07-25T20:40:54+05:30,2025-09-27T18:31:54+05:30,22,Approved,2025-09-03T18:47:54+05:30,Incomplete resume
41,12,30,Mentor_Approved,2025-08-23T19:59:54+05:30,2025-09-28T21:38:54+05:30,22,Approved,2025-09-06T22:42:54+05:30,
42,12,13,Mentor_Approved,2025-08-03T22:03:54+05:30,2025-09-25T04:54:54+05:30,22,Approved,2025-09-20T07:37:54+05:30,Good fit
43,13,2,Interview_Scheduled,2025-08-22T00:05:54+05:30,2025-09-25T16:07:54+05:30,2,Approved,2025-08-31T19:29:54+05:30,
44,13,5,Interview_Scheduled,2025-09-11T11:31:54+05:30,2025-09-28T23:11:54+05:30,2,Approved,2025-09-04T09:26:54+05:30,Awaiting test result
45,13,30,Withdrawn,2025-07-24T16:10:54+05:30,2025-09-29T02:08:54+05:30,2,Rejected,2025-09-11T00:50:54+05:30,
46,14,26,Offered,2025-08-09T17:54:54+05:30,2025-09-26T01:48:54+05:30,15,Approved,2025-09-02T03:21:54+05:30,Incomplete resume
47,14,9,Mentor_Approved,2025-09-23T07:02:54+05:30,2025-09-28T22:53:54+05:30,15,Approved,2025-09-24T11:54:54+05:30,
48,14,11,Mentor_Approved,2025-08-28T17:29:54+05:30,2025-09-26T02:52:54+05:30,15,Approved,2025-09-24T11:02:54+05:30,Good fit
49,14,14,Interview_Scheduled,2025-08-13T04:20:54+05:30,2025-09-25T06:51:54+05:30,15,Approved,2025-09-07T14:33:54+05:30,Incomplete resume
50,14,23,Interview_Scheduled,2025-07-10T21:26:54+05:30,2025-09-25T19:47:54+05:30,15,Approved,2025-08-31T18:54:54+05:30,Good fit
51,15,37,Interview_Scheduled,2025-09-12T05:53:54+05:30,2025-09-29T05:49:54+05:30,18,Approved,2025-09-13T16:41:54+05:30,
52,15,7,Mentor_Approved,2025-08-08T11:40:54+05:30,2025-09-27T13:32:54+05:30,18,Approved,2025-09-23T16:02:54+05:30,Awaiting test result
53,15,10,Rejected,2025-09-16T06:45:54+05:30,2025-09-26T23:29:54+05:30,18,Approved,2025-09-25T02:47:54+05:30,Incomplete resume
54,16,1,Applied,2025-09-03T22:18:54+05:30,2025-09-27T18:59:54+05:30,10,Rejected,2025-09-01T17:03:54+05:30,Incomplete resume
55,16,31,Mentor_Approved,2025-07-02T11:27:54+05:30,2025-09-28T02:56:54+05:30,10,Approved,2025-09-24T02:12:54+05:30,Awaiting test result
56,16,4,Interview_Scheduled,2025-09-01T13:33:54+05:30,2025-09-28T02:27:54+05:30,10,Approved,2025-09-02T10:37:54+05:30,Incomplete resume
57,16,17,Offered,2025-07-05T13:18:54+05:30,2025-09-25T01:31:54+05:30,10,Approved,2025-08-30T05:20:54+05:30,Good fit
58,17,35,Rejected,2025-07-03T21:22:54+05:30,2025-09-25T01:11:54+05:30,8,Rejected,2025-09-01T12:09:54+05:30,Awaiting test result
59,17,9,Offered,2025-07-15T05:25:54+05:30,2025-09-28T07:43:54+05:30,8,Approved,2025-09-06T14:32:54+05:30,
60,18,12,Interview_Scheduled,2025-09-09T23:39:54+05:30,2025-09-26T03:52:54+05:30,20,Approved,2025-09-10T16:41:54+05:30,Incomplete resume
61,18,28,Rejected,2025-07-06T15:52:54+05:30,2025-09-28T17:35:54+05:30,20,Approved,2025-09-24T20:18:54+05:30,Awaiting test result
62,18,16,Shortlisted,2025-09-09T07:23:54+05:30,2025-09-29T14:16:54+05:30,20,Approved,2025-09-23T06:30:54+05:30,Good fit
63,19,2,Offered,2025-08-31T06:03:54+05:30,2025-09-26T07:22:54+05:30,4,Approved,2025-09-23T08:45:54+05:30,Awaiting test result
64,19,14,Mentor_Approved,2025-07-12T08:46:54+05:30,2025-09-28T06:36:54+05:30,4,Approved,2025-09-15T05:09:54+05:30,
65,19,21,Mentor_Approved,2025-07-22T15:50:54+05:30,2025-09-28T11:09:54+05:30,4,Approved,2025-09-20T07:21:54+05:30,Good fit
66,19,8,Mentor_Approved,2025-07-11T19:26:54+05:30,2025-09-26T14:38:54+05:30,4,Approved,2025-09-07T06:09:54+05:30,Incomplete resume
67,19,11,Mentor_Approved,2025-07-21T21:47:54+05:30,2025-09-27T17:14:54+05:30,4,Approved,2025-09-07T02:19:54+05:30,Good fit
68,20,8,Mentor_Approved,2025-07-14T04:43:54+05:30,2025-09-27T13:33:54+05:30,26,Approved,2025-09-14T14:58:54+05:30,Good fit
69,20,27,Rejected,2025-07-03T03:53:54+05:30,2025-09-28T19:48:54+05:30,26,Approved,2025-09-26T19:21:54+05:30,Awaiting test result
70,21,25,Applied,2025-08-23T01:08:54+05:30,2025-09-26T03:23:54+05:30,8,Pending,2025-09-17T18:23:54+05:30,Awaiting test result
71,21,15,Shortlisted,2025-08-06T12:10:54+05:30,2025-09-28T19:21:54+05:30,8,Approved,2025-08-31T14:46:54+05:30,
72,21,22,Interview_Scheduled,2025-09-10T10:36:54+05:30,2025-09-29T07:25:54+05:30,8,Approved,2025-09-12T19:12:54+05:30,
73,21,27,Applied,2025-07-30T18:02:54+05:30,2025-09-25T17:54:54+05:30,8,Rejected,2025-08-30T06:29:54+05:30,Awaiting test result
74,21,17,Completed,2025-08-13T14:16:54+05:30,2025-09-27T00:33:54+05:30,8,Approved,2025-09-16T19:53:54+05:30,Good fit
75,22,36,Mentor_Approved,2025-08-20T17:58:54+05:30,2025-09-26T18:27:54+05:30,1,Approved,2025-09-06T05:10:54+05:30,Good fit
76,22,1,Applied,2025-07-12T19:47:54+05:30,2025-09-28T23:04:54+05:30,1,Approved,2025-09-01T10:11:54+05:30,
77,22,10,Offered,2025-08-21T20:50:54+05:30,2025-09-29T08:47:54+05:30,1,Approved,2025-09-25T11:46:54+05:30,Awaiting test result
78,22,15,Applied,2025-07-12T05:02:54+05:30,2025-09-24T20:12:54+05:30,1,Pending,2025-09-04T14:08:54+05:30,Awaiting test result
79,22,4,Mentor_Approved,2025-08-03T19:32:54+05:30,2025-09-28T18:25:54+05:30,1,Approved,2025-08-30T02:21:54+05:30,
80,23,36,Interview_Scheduled,2025-07-10T18:14:54+05:30,2025-09-26T11:29:54+05:30,15,Approved,2025-09-18T13:52:54+05:30,Good fit
81,23,2,Interview_Scheduled,2025-09-24T06:30:54+05:30,2025-09-25T23:10:54+05:30,15,Approved,2025-09-21T00:12:54+05:30,Incomplete resume
82,23,9,Applied,2025-09-06T11:41:54+05:30,2025-09-28T03:21:54+05:30,15,Rejected,2025-09-18T03:48:54+05:30,Good fit
83,23,10,Mentor_Approved,2025-07-13T21:25:54+05:30,2025-09-28T02:12:54+05:30,15,Approved,2025-09-02T00:35:54+05:30,Awaiting test result
84,23,11,Offered,2025-08-27T10:35:54+05:30,2025-09-25T05:08:54+05:30,15,Approved,2025-09-25T21:55:54+05:30,Good fit
85,24,25,Interview_Scheduled,2025-08-25T16:23:54+05:30,2025-09-27T22:35:54+05:30,17,Approved,2025-09-11T07:26:54+05:30,Awaiting test result
86,24,20,Interview_Scheduled,2025-07-26T04:13:54+05:30,2025-09-25T01:36:54+05:30,17,Approved,2025-09-06T02:21:54+05:30,Awaiting test result
87,24,34,Mentor_Approved,2025-08-25T06:15:54+05:30,2025-09-26T05:21:54+05:30,17,Approved,2025-08-30T16:41:54+05:30,Incomplete resume
88,24,37,Shortlisted,2025-07-15T10:39:54+05:30,2025-09-27T16:07:54+05:30,17,Approved,2025-09-12T01:30:54+05:30,Awaiting test result
89,25,7,Interview_Scheduled,2025-08-01T15:17:54+05:30,2025-09-27T23:00:54+05:30,28,Approved,2025-09-28T17:07:54+05:30,Awaiting test result
90,25,5,Withdrawn,2025-08-04T22:55:54+05:30,2025-09-29T05:24:54+05:30,28,Rejected,2025-09-01T21:48:54+05:30,Good fit
91,26,32,Withdrawn,2025-09-09T01:34:54+05:30,2025-09-28T17:34:54+05:30,25,Approved,2025-09-27T23:44:54+05:30,Incomplete resume
92,26,22,Mentor_Approved,2025-08-09T14:00:54+05:30,2025-09-28T10:12:54+05:30,25,Approved,2025-09-22T13:02:54+05:30,
93,27,3,Interview_Scheduled,2025-07-21T23:19:54+05:30,2025-09-29T14:19:54+05:30,18,Approved,2025-09-16T02:36:54+05:30,
94,27,35,Applied,2025-09-19T02:56:54+05:30,2025-09-28T05:19:54+05:30,18,Pending,2025-09-05T23:11:54+05:30,Good fit
95,27,4,Shortlisted,2025-07-31T17:51:54+05:30,2025-09-28T08:11:54+05:30,18,Approved,2025-09-10T09:06:54+05:30,Incomplete resume
96,27,33,Applied,2025-08-15T23:16:54+05:30,2025-09-28T00:50:54+05:30,18,Approved,2025-09-11T18:51:54+05:30,
97,28,14,Applied,2025-07-15T17:50:54+05:30,2025-09-24T23:39:54+05:30,1,Pending,2025-09-19T09:45:54+05:30,
98,28,37,Applied,2025-07-04T02:44:54+05:30,2025-09-24T19:43:54+05:30,1,Rejected,2025-09-06T10:39:54+05:30,Good fit
99,28,26,Applied,2025-09-15T22:24:54+05:30,2025-09-28T05:27:54+05:30,1,Rejected,2025-08-30T14:35:54+05:30,
100,29,20,Completed,2025-07-03T12:22:54+05:30,2025-09-26T19:48:54+05:30,18,Approved,2025-09-14T17:32:54+05:30,Good fit
101,29,10,Interview_Scheduled,2025-07-12T00:16:54+05:30,2025-09-26T02:54:54+05:30,18,Approved,2025-09-20T02:26:54+05:30,
102,29,31,Shortlisted,2025-09-15T15:15:54+05:30,2025-09-29T02:02:54+05:30,18,Approved,2025-09-22T02:32:54+05:30,
103,29,27,Applied,2025-09-14T21:32:54+05:30,2025-09-26T13:44:54+05:30,18,Rejected,2025-09-18T11:00:54+05:30,
104,30,24,Offered,2025-07-28T12:41:54+05:30,2025-09-28T08:52:54+05:30,4,Approved,2025-09-26T15:26:54+05:30,Good fit
105,30,27,Mentor_Approved,2025-07-07T10:11:54+05:30,2025-09-26T03:06:54+05:30,4,Approved,2025-09-14T16:00:54+05:30,Incomplete resume
106,31,8,Rejected,2025-07-24T14:28:54+05:30,2025-09-27T04:53:54+05:30,14,Approved,2025-09-25T02:28:54+05:30,Awaiting test result
107,31,23,Shortlisted,2025-09-16T04:38:54+05:30,2025-09-25T17:09:54+05:30,14,Approved,2025-09-04T13:10:54+05:30,
108,31,6,Rejected,2025-07-21T09:03:54+05:30,2025-09-28T09:13:54+05:30,14,Approved,2025-08-30T15:39:54+05:30,
109,31,12,Mentor_Approved,2025-07-31T18:25:54+05:30,2025-09-26T11:28:54+05:30,14,Approved,2025-09-15T17:08:54+05:30,Incomplete resume
110,32,27,Offered,2025-09-11T17:50:54+05:30,2025-09-29T15:53:54+05:30,9,Approved,2025-09-15T07:46:54+05:30,Awaiting test result
111,32,16,Shortlisted,2025-08-15T17:01:54+05:30,2025-09-26T20:44:54+05:30,9,Approved,2025-09-15T13:29:54+05:30,
112,32,18,Applied,2025-07-29T20:29:54+05:30,2025-09-28T16:49:54+05:30,9,Rejected,2025-09-21T02:21:54+05:30,Good fit
113,32,17,Offered,2025-08-13T23:43:54+05:30,2025-09-29T13:46:54+05:30,9,Approved,2025-09-08T07:41:54+05:30,Incomplete resume
114,32,31,Interview_Scheduled,2025-09-11T18:39:54+05:30,2025-09-28T02:16:54+05:30,9,Approved,2025-09-05T11:29:54+05:30,
115,33,8,Rejected,2025-07-25T14:00:54+05:30,2025-09-24T20:18:54+05:30,8,Rejected,2025-09-10T08:23:54+05:30,Good fit
116,33,22,Mentor_Approved,2025-09-23T08:20:54+05:30,2025-09-29T16:48:54+05:30,8,Approved,2025-09-22T13:20:54+05:30,Incomplete resume
117,33,1,Mentor_Approved,2025-09-09T07:19:54+05:30,2025-09-25T14:03:54+05:30,8,Approved,2025-09-16T06:44:54+05:30,Incomplete resume
118,33,24,Completed,2025-09-09T09:14:54+05:30,2025-09-25T07:23:54+05:30,8,Approved,2025-09-09T07:16:54+05:30,Awaiting test result
119,34,34,Interview_Scheduled,2025-08-28T01:54:54+05:30,2025-09-25T22:35:54+05:30,22,Approved,2025-09-09T21:25:54+05:30,Good fit
120,34,19,Shortlisted,2025-09-11T08:13:54+05:30,2025-09-25T04:31:54+05:30,22,Approved,2025-09-15T11:29:54+05:30,
121,34,28,Shortlisted,2025-09-17T00:37:54+05:30,2025-09-27T15:49:54+05:30,22,Approved,2025-09-09T12:45:54+05:30,
122,35,37,Applied,2025-07-21T15:04:54+05:30,2025-09-26T21:12:54+05:30,18,Pending,2025-09-21T08:52:54+05:30,Incomplete resume
123,35,36,Applied,2025-08-15T23:08:54+05:30,2025-09-27T19:48:54+05:30,18,Pending,2025-09-27T22:12:54+05:30,
124,35,25,Interview_Scheduled,2025-09-24T01:17:54+05:30,2025-09-24T21:55:54+05:30,18,Approved,2025-09-06T04:09:54+05:30,Good fit
125,35,32,Applied,2025-08-30T09:14:54+05:30,2025-09-28T03:38:54+05:30,18,Rejected,2025-09-15T04:27:54+05:30,Incomplete resume
126,35,8,Shortlisted,2025-08-10T19:52:54+05:30,2025-09-26T19:37:54+05:30,18,Approved,2025-09-11T18:08:54+05:30,
127,36,26,Shortlisted,2025-08-25T06:00:54+05:30,2025-09-25T05:52:54+05:30,3,Approved,2025-09-07T21:27:54+05:30,
128,36,37,Applied,2025-09-09T02:57:54+05:30,2025-09-25T20:37:54+05:30,3,Pending,2025-09-28T07:20:54+05:30,
129,36,36,Applied,2025-09-22T17:26:54+05:30,2025-09-26T10:37:54+05:30,3,Approved,2025-09-25T19:51:54+05:30,
130,36,27,Applied,2025-09-17T12:35:54+05:30,2025-09-25T18:36:54+05:30,3,Approved,2025-09-10T03:34:54+05:30,
131,37,28,Rejected,2025-08-17T19:00:54+05:30,2025-09-28T22:16:54+05:30,25,Rejected,2025-09-09T03:50:54+05:30,Awaiting test result
132,37,21,Mentor_Approved,2025-07-27T04:39:54+05:30,2025-09-26T17:30:54+05:30,25,Approved,2025-09-05T13:31:54+05:30,
133,37,11,Offered,2025-09-24T10:45:54+05:30,2025-09-28T21:35:54+05:30,25,Approved,2025-09-09T16:56:54+05:30,
134,37,33,Applied,2025-07-20T06:37:54+05:30,2025-09-29T10:20:54+05:30,25,Pending,2025-09-15T19:09:54+05:30,Awaiting test result
135,37,14,Shortlisted,2025-09-22T09:11:54+05:30,2025-09-29T06:17:54+05:30,25,Approved,2025-09-19T22:11:54+05:30,Incomplete resume
136,38,13,Shortlisted,2025-09-14T12:41:54+05:30,2025-09-26T00:39:54+05:30,21,Approved,2025-09-20T03:33:54+05:30,
137,38,17,Shortlisted,2025-09-09T09:35:54+05:30,2025-09-27T07:07:54+05:30,21,Approved,2025-09-09T05:54:54+05:30,Incomplete resume
138,38,18,Offered,2025-08-12T18:49:54+05:30,2025-09-27T22:56:54+05:30,21,Approved,2025-09-13T01:22:54+05:30,
139,38,5,Mentor_Approved,2025-07-05T11:33:54+05:30,2025-09-29T08:36:54+05:30,21,Approved,2025-09-17T15:35:54+05:30,Awaiting test result
140,39,13,Shortlisted,2025-08-19T18:32:54+05:30,2025-09-29T15:32:54+05:30,6,Approved,2025-09-02T06:31:54+05:30,
141,39,37,Shortlisted,2025-08-04T09:32:54+05:30,2025-09-25T18:56:54+05:30,6,Approved,2025-09-17T11:10:54+05:30,
142,40,37,Shortlisted,2025-08-20T13:47:54+05:30,2025-09-27T16:38:54+05:30,21,Approved,2025-09-20T02:20:54+05:30,Incomplete resume
143,40,36,Applied,2025-08-27T15:37:54+05:30,2025-09-27T16:26:54+05:30,21,Rejected,2025-09-06T21:28:54+05:30,Awaiting test result
144,41,24,Withdrawn,2025-08-19T06:01:54+05:30,2025-09-26T11:22:54+05:30,25,Approved,2025-09-05T10:45:54+05:30,
145,41,18,Offered,2025-07-21T06:05:54+05:30,2025-09-25T11:45:54+05:30,25,Approved,2025-09-23T10:20:54+05:30,Awaiting test result
146,41,35,Interview_Scheduled,2025-08-27T13:46:54+05:30,2025-09-26T02:15:54+05:30,25,Approved,2025-08-31T13:21:54+05:30,
147,42,4,Mentor_Approved,2025-07-06T21:47:54+05:30,2025-09-27T10:04:54+05:30,5,Approved,2025-09-16T05:11:54+05:30,Good fit
148,42,9,Shortlisted,2025-08-25T01:27:54+05:30,2025-09-24T23:45:54+05:30,5,Approved,2025-09-04T02:54:54+05:30,Incomplete resume
149,42,15,Applied,2025-08-08T14:55:54+05:30,2025-09-26T20:31:54+05:30,5,Approved,2025-09-27T22:19:54+05:30,Incomplete resume
150,42,10,Interview_Scheduled,2025-07-07T00:56:54+05:30,2025-09-27T08:23:54+05:30,5,Approved,2025-09-18T16:24:54+05:30,Good fit
151,43,30,Rejected,2025-07-16T01:08:54+05:30,2025-09-27T02:43:54+05:30,19,Approved,2025-09-18T22:47:54+05:30,Incomplete resume
152,43,10,Interview_Scheduled,2025-08-24T04:50:54+05:30,2025-09-29T12:38:54+05:30,19,Approved,2025-09-14T01:59:54+05:30,Good fit
153,43,32,Shortlisted,2025-08-01T19:05:54+05:30,2025-09-29T03:47:54+05:30,19,Approved,2025-09-01T21:29:54+05:30,Awaiting test result
154,43,17,Applied,2025-09-07T17:54:54+05:30,2025-09-29T02:51:54+05:30,19,Pending,2025-09-20T13:47:54+05:30,
155,43,27,Shortlisted,2025-09-16T07:17:54+05:30,2025-09-29T09:54:54+05:30,19,Approved,2025-09-03T01:04:54+05:30,
156,44,37,Mentor_Approved,2025-08-31T10:17:54+05:30,2025-09-25T03:13:54+05:30,19,Approved,2025-08-31T15:38:54+05:30,Awaiting test result
157,44,9,Applied,2025-09-08T08:27:54+05:30,2025-09-27T14:56:54+05:30,19,Pending,2025-09-02T10:42:54+05:30,Awaiting test result
158,45,34,Mentor_Approved,2025-07-18T10:13:54+05:30,2025-09-29T17:41:54+05:30,3,Approved,2025-09-18T02:03:54+05:30,
159,45,33,Rejected,2025-07-06T16:07:54+05:30,2025-09-24T23:27:54+05:30,3,Approved,2025-09-23T23:42:54+05:30,Incomplete resume
160,45,13,Mentor_Approved,2025-07-01T23:12:54+05:30,2025-09-26T06:00:54+05:30,3,Approved,2025-09-16T10:47:54+05:30,Good fit
161,46,5,Offered,2025-08-09T14:37:54+05:30,2025-09-25T07:50:54+05:30,12,Approved,2025-09-02T23:54:54+05:30,Incomplete resume
162,46,18,Interview_Scheduled,2025-09-20T11:38:54+05:30,2025-09-26T00:13:54+05:30,12,Approved,2025-09-16T03:49:54+05:30,Awaiting test result
163,46,24,Interview_Scheduled,2025-07-13T16:43:54+05:30,2025-09-25T18:40:54+05:30,12,Approved,2025-09-01T10:30:54+05:30,
164,46,30,Withdrawn,2025-08-09T04:58:54+05:30,2025-09-26T09:31:54+05:30,12,Approved,2025-09-26T09:27:54+05:30,Incomplete resume
165,46,15,Applied,2025-07-06T21:25:54+05:30,2025-09-26T10:44:54+05:30,12,Approved,2025-08-30T10:34:54+05:30,Awaiting test result
166,47,33,Mentor_Approved,2025-07-14T05:50:54+05:30,2025-09-28T09:34:54+05:30,25,Approved,2025-08-31T14:31:54+05:30,Awaiting test result
167,47,31,Interview_Scheduled,2025-09-01T04:16:54+05:30,2025-09-27T07:56:54+05:30,25,Approved,2025-09-17T16:34:54+05:30,Awaiting test result
168,47,27,Offered,2025-07-29T05:41:54+05:30,2025-09-27T13:43:54+05:30,25,Approved,2025-09-05T03:12:54+05:30,
169,47,4,Interview_Scheduled,2025-08-25T21:37:54+05:30,2025-09-26T14:05:54+05:30,25,Approved,2025-09-12T16:02:54+05:30,Good fit
170,47,20,Shortlisted,2025-07-21T01:05:54+05:30,2025-09-28T15:31:54+05:30,25,Approved,2025-09-14T21:21:54+05:30,
171,48,14,Shortlisted,2025-08-08T18:17:54+05:30,2025-09-29T06:24:54+05:30,21,Approved,2025-09-26T17:20:54+05:30,Incomplete resume
172,48,10,Shortlisted,2025-07-31T09:20:54+05:30,2025-09-27T06:08:54+05:30,21,Approved,2025-09-20T16:05:54+05:30,
173,49,12,Applied,2025-08-18T23:00:54+05:30,2025-09-26T17:33:54+05:30,28,Approved,2025-09-24T03:33:54+05:30,
174,49,19,Mentor_Approved,2025-07-13T17:46:54+05:30,2025-09-27T04:36:54+05:30,28,Approved,2025-09-01T20:05:54+05:30,
175,49,36,Mentor_Approved,2025-07-13T14:45:54+05:30,2025-09-27T13:49:54+05:30,28,Approved,2025-09-16T08:33:54+05:30,Awaiting test result
176,49,20,Shortlisted,2025-09-24T15:06:54+05:30,2025-09-26T08:57:54+05:30,28,Approved,2025-09-12T18:38:54+05:30,Incomplete resume
177,50,34,Shortlisted,2025-09-21T04:15:54+05:30,2025-09-28T06:26:54+05:30,13,Approved,2025-09-03T23:16:54+05:30,Good fit
178,50,14,Applied,2025-08-29T20:35:54+05:30,2025-09-29T06:53:54+05:30,13,Pending,2025-09-16T01:01:54+05:30,
179,51,8,Rejected,2025-08-16T14:13:54+05:30,2025-09-29T10:54:54+05:30,1,Rejected,2025-09-21T23:01:54+05:30,Incomplete resume
180,51,26,Applied,2025-09-11T12:35:54+05:30,2025-09-29T15:49:54+05:30,1,Rejected,2025-09-05T02:46:54+05:30,
181,51,37,Shortlisted,2025-07-30T20:25:54+05:30,2025-09-26T19:06:54+05:30,1,Approved,2025-09-24T17:58:54+05:30,Awaiting test result
182,52,2,Mentor_Approved,2025-09-11T19:43:54+05:30,2025-09-29T19:00:54+05:30,11,Approved,2025-09-16T03:18:54+05:30,Incomplete resume
183,52,14,Offered,2025-08-26T09:50:54+05:30,2025-09-28T09:15:54+05:30,11,Approved,2025-09-15T14:39:54+05:30,Incomplete resume
184,53,29,Shortlisted,2025-07-06T23:06:54+05:30,2025-09-26T00:13:54+05:30,17,Approved,2025-09-20T21:32:54+05:30,Awaiting test result
185,53,12,Interview_Scheduled,2025-07-17T12:55:54+05:30,2025-09-29T13:49:54+05:30,17,Approved,2025-09-03T13:37:54+05:30,
186,53,26,Mentor_Approved,2025-08-19T03:48:54+05:30,2025-09-27T03:39:54+05:30,17,Approved,2025-09-25T18:58:54+05:30,Incomplete resume
187,54,3,Rejected,2025-09-05T08:05:54+05:30,2025-09-27T18:30:54+05:30,21,Rejected,2025-09-15T07:41:54+05:30,Awaiting test result
188,54,26,Interview_Scheduled,2025-07-08T05:26:54+05:30,2025-09-26T12:25:54+05:30,21,Approved,2025-09-16T22:34:54+05:30,Awaiting test result
189,54,8,Rejected,2025-08-23T12:46:54+05:30,2025-09-28T04:14:54+05:30,21,Rejected,2025-09-26T19:05:54+05:30,Incomplete resume
190,55,16,Withdrawn,2025-08-28T22:30:54+05:30,2025-09-26T14:17:54+05:30,3,Approved,2025-09-20T15:04:54+05:30,
191,55,28,Rejected,2025-08-10T12:47:54+05:30,2025-09-27T23:05:54+05:30,3,Rejected,2025-08-31T13:44:54+05:30,Awaiting test result
192,55,8,Completed,2025-09-21T23:34:54+05:30,2025-09-25T16:10:54+05:30,3,Approved,2025-09-09T08:39:54+05:30,
193,56,11,Applied,2025-09-17T11:02:54+05:30,2025-09-26T00:24:54+05:30,8,Approved,2025-09-10T14:46:54+05:30,
194,56,3,Applied,2025-07-03T16:56:54+05:30,2025-09-27T19:34:54+05:30,8,Pending,2025-09-07T12:37:54+05:30,Awaiting test result
195,56,36,Applied,2025-08-11T19:23:54+05:30,2025-09-28T04:17:54+05:30,8,Rejected,2025-09-15T01:28:54+05:30,
196,56,13,Completed,2025-08-22T23:19:54+05:30,2025-09-26T20:31:54+05:30,8,Approved,2025-09-04T23:34:54+05:30,Incomplete resume
197,56,20,Shortlisted,2025-07-09T20:32:54+05:30,2025-09-26T23:51:54+05:30,8,Approved,2025-09-28T02:58:54+05:30,
198,57,27,Offered,2025-08-12T16:13:54+05:30,2025-09-28T00:30:54+05:30,6,Approved,2025-08-31T06:31:54+05:30,Incomplete resume
199,57,34,Applied,2025-09-19T04:44:54+05:30,2025-09-26T15:43:54+05:30,6,Pending,2025-09-12T08:56:54+05:30,Incomplete resume
200,57,25,Offered,2025-07-23T17:40:54+05:30,2025-09-27T00:28:54+05:30,6,Approved,2025-09-06T20:39:54+05:30,Good fit
201,57,3,Mentor_Approved,2025-09-23T08:50:54+05:30,2025-09-26T09:53:54+05:30,6,Approved,2025-09-05T20:56:54+05:30,
202,57,18,Mentor_Approved,2025-08-13T16:15:54+05:30,2025-09-26T23:46:54+05:30,6,Approved,2025-09-18T04:00:54+05:30,Incomplete resume
203,58,9,Shortlisted,2025-08-29T10:33:54+05:30,2025-09-28T08:10:54+05:30,12,Approved,2025-09-25T00:49:54+05:30,
204,58,25,Shortlisted,2025-08-29T03:37:54+05:30,2025-09-26T12:51:54+05:30,12,Approved,2025-08-31T22:24:54+05:30,
205,58,27,Completed,2025-07-22T07:27:54+05:30,2025-09-25T00:35:54+05:30,12,Approved,2025-09-15T16:49:54+05:30,Incomplete resume
206,58,14,Withdrawn,2025-08-18T12:32:54+05:30,2025-09-27T11:33:54+05:30,12,Approved,2025-09-24T08:40:54+05:30,Incomplete resume
207,58,21,Shortlisted,2025-08-25T16:49:54+05:30,2025-09-26T19:22:54+05:30,12,Approved,2025-08-30T07:09:54+05:30,
208,59,27,Applied,2025-07-24T08:18:54+05:30,2025-09-27T14:40:54+05:30,25,Rejected,2025-08-30T07:15:54+05:30,
209,59,16,Offered,2025-07-28T13:24:54+05:30,2025-09-26T21:32:54+05:30,25,Approved,2025-09-05T18:09:54+05:30,Incomplete resume
210,59,37,Mentor_Approved,2025-07-18T03:58:54+05:30,2025-09-27T13:28:54+05:30,25,Approved,2025-09-22T05:16:54+05:30,
211,59,14,Shortlisted,2025-08-27T02:58:54+05:30,2025-09-25T06:20:54+05:30,25,Approved,2025-08-31T07:04:54+05:30,Awaiting test result
212,60,32,Interview_Scheduled,2025-09-03T04:22:54+05:30,2025-09-25T11:33:54+05:30,10,Approved,2025-08-30T08:39:54+05:30,Awaiting test result
213,60,17,Shortlisted,2025-07-30T11:53:54+05:30,2025-09-24T21:07:54+05:30,10,Approved,2025-09-02T16:04:54+05:30,Awaiting test result
214,60,22,Mentor_Approved,2025-08-28T00:57:54+05:30,2025-09-28T07:33:54+05:30,10,Approved,2025-09-12T04:27:54+05:30,
215,61,5,Offered,2025-08-31T07:14:54+05:30,2025-09-29T01:31:54+05:30,19,Approved,2025-09-01T12:19:54+05:30,Awaiting test result
216,61,12,Shortlisted,2025-07-16T23:41:54+05:30,2025-09-28T01:07:54+05:30,19,Approved,2025-09-14T06:14:54+05:30,
217,61,16,Applied,2025-07-17T06:14:54+05:30,2025-09-25T15:57:54+05:30,19,Rejected,2025-08-30T21:39:54+05:30,
218,61,3,Shortlisted,2025-07-29T10:49:54+05:30,2025-09-26T03:29:54+05:30,19,Approved,2025-09-26T21:52:54+05:30,Awaiting test result
219,61,32,Mentor_Approved,2025-08-22T09:20:54+05:30,2025-09-25T16:11:54+05:30,19,Approved,2025-09-20T01:57:54+05:30,
220,62,11,Interview_Scheduled,2025-07-19T11:33:54+05:30,2025-09-27T10:43:54+05:30,19,Approved,2025-08-30T09:00:54+05:30,Awaiting test result
221,62,24,Mentor_Approved,2025-09-22T22:51:54+05:30,2025-09-25T07:31:54+05:30,19,Approved,2025-09-21T16:30:54+05:30,
222,63,29,Applied,2025-07-03T17:16:54+05:30,2025-09-27T00:50:54+05:30,25,Approved,2025-09-26T10:00:54+05:30,Incomplete resume
223,63,31,Mentor_Approved,2025-07-23T23:55:54+05:30,2025-09-27T14:41:54+05:30,25,Approved,2025-09-24T16:21:54+05:30,Awaiting test result
224,64,10,Rejected,2025-07-11T21:00:54+05:30,2025-09-25T18:52:54+05:30,24,Rejected,2025-09-01T01:45:54+05:30,
225,64,16,Shortlisted,2025-08-28T06:43:54+05:30,2025-09-29T05:18:54+05:30,24,Approved,2025-09-01T06:54:54+05:30,
226,65,22,Shortlisted,2025-08-02T23:02:54+05:30,2025-09-27T19:00:54+05:30,28,Approved,2025-09-05T08:40:54+05:30,Awaiting test result
227,65,10,Applied,2025-09-16T23:09:54+05:30,2025-09-26T18:14:54+05:30,28,Rejected,2025-09-05T06:51:54+05:30,Good fit
228,66,11,Applied,2025-07-27T22:24:54+05:30,2025-09-25T15:22:54+05:30,16,Approved,2025-09-11T03:45:54+05:30,Good fit
229,66,24,Mentor_Approved,2025-07-09T05:27:54+05:30,2025-09-26T12:20:54+05:30,16,Approved,2025-09-06T22:55:54+05:30,
230,66,30,Applied,2025-09-04T03:46:54+05:30,2025-09-24T23:02:54+05:30,16,Pending,2025-09-05T02:33:54+05:30,
231,67,34,Offered,2025-08-07T15:26:54+05:30,2025-09-29T11:01:54+05:30,21,Approved,2025-09-07T01:11:54+05:30,
232,67,17,Interview_Scheduled,2025-07-18T20:17:54+05:30,2025-09-29T13:11:54+05:30,21,Approved,2025-09-22T05:35:54+05:30,
233,67,5,Interview_Scheduled,2025-08-19T14:40:54+05:30,2025-09-29T18:45:54+05:30,21,Approved,2025-09-05T19:09:54+05:30,Awaiting test result
234,67,1,Shortlisted,2025-09-15T16:10:54+05:30,2025-09-26T23:00:54+05:30,21,Approved,2025-09-03T01:02:54+05:30,Good fit
235,68,9,Rejected,2025-08-10T01:03:54+05:30,2025-09-25T23:52:54+05:30,22,Approved,2025-09-27T18:06:54+05:30,Awaiting test result
236,68,5,Mentor_Approved,2025-09-18T08:27:54+05:30,2025-09-29T10:40:54+05:30,22,Approved,2025-09-01T02:27:54+05:30,
237,69,30,Shortlisted,2025-08-28T00:45:54+05:30,2025-09-27T20:35:54+05:30,1,Approved,2025-09-21T13:54:54+05:30,Awaiting test result
238,69,36,Applied,2025-07-17T00:31:54+05:30,2025-09-26T06:48:54+05:30,1,Approved,2025-09-22T02:58:54+05:30,
239,69,33,Applied,2025-09-14T13:05:54+05:30,2025-09-25T01:32:54+05:30,1,Approved,2025-09-01T19:14:54+05:30,Good fit
240,70,17,Applied,2025-07-20T15:11:54+05:30,2025-09-28T06:11:54+05:30,4,Approved,2025-09-11T00:46:54+05:30,Awaiting test result
241,70,4,Offered,2025-08-04T21:35:54+05:30,2025-09-28T17:52:54+05:30,4,Approved,2025-09-11T11:12:54+05:30,
242,70,20,Mentor_Approved,2025-08-11T04:29:54+05:30,2025-09-27T04:46:54+05:30,4,Approved,2025-09-12T13:00:54+05:30,Awaiting test result
243,70,35,Mentor_Approved,2025-09-22T06:46:54+05:30,2025-09-28T07:24:54+05:30,4,Approved,2025-09-20T17:21:54+05:30,
244,71,4,Shortlisted,2025-09-04T23:52:54+05:30,2025-09-25T13:48:54+05:30,15,Approved,2025-09-20T16:03:54+05:30,Awaiting test result
245,71,11,Interview_Scheduled,2025-09-08T02:32:54+05:30,2025-09-26T10:57:54+05:30,15,Approved,2025-09-16T17:23:54+05:30,Awaiting test result
246,72,37,Shortlisted,2025-07-01T21:28:54+05:30,2025-09-26T08:49:54+05:30,10,Approved,2025-09-19T19:30:54+05:30,Incomplete resume
247,72,19,Completed,2025-08-04T13:59:54+05:30,2025-09-28T22:37:54+05:30,10,Approved,2025-09-28T12:22:54+05:30,Incomplete resume
248,72,16,Offered,2025-07-23T07:43:54+05:30,2025-09-27T17:35:54+05:30,10,Approved,2025-09-02T10:00:54+05:30,Awaiting test result
249,72,25,Shortlisted,2025-07-14T03:08:54+05:30,2025-09-25T18:22:54+05:30,10,Approved,2025-09-24T01:02:54+05:30,Incomplete resume
250,73,11,Applied,2025-07-15T06:41:54+05:30,2025-09-28T19:25:54+05:30,21,Rejected,2025-09-23T13:46:54+05:30,
251,73,18,Mentor_Approved,2025-09-02T23:22:54+05:30,2025-09-28T08:28:54+05:30,21,Approved,2025-09-23T06:20:54+05:30,Awaiting test result
252,73,35,Applied,2025-07-02T14:45:54+05:30,2025-09-26T10:20:54+05:30,21,Approved,2025-09-20T19:27:54+05:30,Good fit
253,73,34,Completed,2025-09-14T00:34:54+05:30,2025-09-25T09:35:54+05:30,21,Approved,2025-09-17T07:50:54+05:30,
254,74,33,Shortlisted,2025-08-02T12:46:54+05:30,2025-09-27T05:20:54+05:30,7,Approved,2025-09-06T08:11:54+05:30,Incomplete resume
255,74,6,Offered,2025-08-23T16:52:54+05:30,2025-09-27T23:55:54+05:30,7,Approved,2025-09-27T20:14:54+05:30,Good fit
256,74,29,Rejected,2025-07-01T15:37:54+05:30,2025-09-28T17:39:54+05:30,7,Rejected,2025-09-22T22:01:54+05:30,
257,74,13,Applied,2025-07-27T00:48:54+05:30,2025-09-28T11:14:54+05:30,7,Approved,2025-09-15T18:25:54+05:30,
258,74,23,Interview_Scheduled,2025-07-29T20:51:54+05:30,2025-09-25T14:49:54+05:30,7,Approved,2025-09-11T15:33:54+05:30,Incomplete resume
259,75,3,Applied,2025-08-11T12:18:54+05:30,2025-09-28T00:39:54+05:30,6,Approved,2025-09-24T14:17:54+05:30,
260,75,5,Offered,2025-09-07T18:25:54+05:30,2025-09-28T08:39:54+05:30,6,Approved,2025-09-01T06:04:54+05:30,
261,76,16,Applied,2025-09-05T06:49:54+05:30,2025-09-26T23:46:54+05:30,9,Rejected,2025-09-25T19:38:54+05:30,
262,76,5,Mentor_Approved,2025-08-02T16:49:54+05:30,2025-09-25T22:47:54+05:30,9,Approved,2025-08-31T08:04:54+05:30,Incomplete resume
263,76,11,Withdrawn,2025-08-22T19:19:54+05:30,2025-09-29T01:10:54+05:30,9,Rejected,2025-09-28T01:27:54+05:30,
264,77,21,Mentor_Approved,2025-08-08T00:25:54+05:30,2025-09-25T17:55:54+05:30,15,Approved,2025-08-30T11:41:54+05:30,Good fit
265,77,19,Interview_Scheduled,2025-07-26T22:37:54+05:30,2025-09-29T11:20:54+05:30,15,Approved,2025-08-31T16:57:54+05:30,
266,78,2,Rejected,2025-09-10T18:01:54+05:30,2025-09-25T07:38:54+05:30,7,Approved,2025-09-27T00:17:54+05:30,Awaiting test result
267,78,13,Mentor_Approved,2025-08-28T13:26:54+05:30,2025-09-28T07:35:54+05:30,7,Approved,2025-09-02T17:48:54+05:30,Incomplete resume
268,78,20,Interview_Scheduled,2025-08-14T19:11:54+05:30,2025-09-26T18:30:54+05:30,7,Approved,2025-08-30T19:56:54+05:30,Awaiting test result
269,79,25,Rejected,2025-08-09T21:20:54+05:30,2025-09-29T13:29:54+05:30,4,Rejected,2025-09-01T02:00:54+05:30,Awaiting test result
270,79,31,Shortlisted,2025-07-20T18:28:54+05:30,2025-09-28T01:15:54+05:30,4,Approved,2025-09-01T10:21:54+05:30,
271,80,31,Applied,2025-08-23T01:54:54+05:30,2025-09-27T02:28:54+05:30,26,Pending,2025-09-27T06:01:54+05:30,Awaiting test result
272,80,33,Interview_Scheduled,2025-07-15T20:37:54+05:30,2025-09-24T19:42:54+05:30,26,Approved,2025-09-03T16:51:54+05:30,Incomplete resume
273,80,16,Shortlisted,2025-09-03T21:33:54+05:30,2025-09-27T22:35:54+05:30,26,Approved,2025-09-16T19:25:54+05:30,Good fit
274,80,5,Interview_Scheduled,2025-08-17T20:39:54+05:30,2025-09-29T07:02:54+05:30,26,Approved,2025-09-27T14:14:54+05:30,
275,81,13,Withdrawn,2025-08-02T13:01:54+05:30,2025-09-29T05:43:54+05:30,21,Approved,2025-09-21T17:38:54+05:30,Incomplete resume
276,81,8,Rejected,2025-08-27T16:33:54+05:30,2025-09-28T11:04:54+05:30,21,Approved,2025-09-19T18:44:54+05:30,Awaiting test result
277,82,15,Applied,2025-09-17T16:19:54+05:30,2025-09-25T13:08:54+05:30,27,Approved,2025-09-05T18:01:54+05:30,Awaiting test result
278,82,10,Shortlisted,2025-08-05T11:57:54+05:30,2025-09-26T00:55:54+05:30,27,Approved,2025-09-25T06:08:54+05:30,
279,82,17,Interview_Scheduled,2025-07-10T21:03:54+05:30,2025-09-24T22:04:54+05:30,27,Approved,2025-09-25T09:38:54+05:30,Incomplete resume
280,82,27,Mentor_Approved,2025-08-26T13:16:54+05:30,2025-09-29T15:43:54+05:30,27,Approved,2025-09-02T02:02:54+05:30,Good fit
281,82,35,Mentor_Approved,2025-09-04T21:34:54+05:30,2025-09-29T15:05:54+05:30,27,Approved,2025-09-23T12:41:54+05:30,
282,83,9,Rejected,2025-08-13T14:12:54+05:30,2025-09-27T00:01:54+05:30,25,Approved,2025-09-24T08:39:54+05:30,
283,83,35,Offered,2025-09-19T11:34:54+05:30,2025-09-26T19:22:54+05:30,25,Approved,2025-09-08T18:23:54+05:30,Incomplete resume
284,83,2,Mentor_Approved,2025-08-19T14:15:54+05:30,2025-09-26T08:42:54+05:30,25,Approved,2025-09-24T15:11:54+05:30,Good fit
285,83,26,Mentor_Approved,2025-09-08T21:43:54+05:30,2025-09-29T00:10:54+05:30,25,Approved,2025-09-23T05:31:54+05:30,Incomplete resume
286,84,35,Applied,2025-08-11T02:26:54+05:30,2025-09-25T16:17:54+05:30,12,Rejected,2025-09-23T23:09:54+05:30,Good fit
287,84,8,Mentor_Approved,2025-07-09T08:06:54+05:30,2025-09-28T22:06:54+05:30,12,Approved,2025-09-12T23:57:54+05:30,
288,84,32,Rejected,2025-08-16T16:12:54+05:30,2025-09-26T21:51:54+05:30,12,Rejected,2025-09-02T17:24:54+05:30,
289,85,15,Shortlisted,2025-08-15T04:11:54+05:30,2025-09-29T11:04:54+05:30,15,Approved,2025-09-18T01:45:54+05:30,
290,85,10,Mentor_Approved,2025-08-06T22:19:54+05:30,2025-09-25T03:36:54+05:30,15,Approved,2025-09-16T06:25:54+05:30,Incomplete resume
291,85,35,Rejected,2025-08-17T17:57:54+05:30,2025-09-27T12:13:54+05:30,15,Approved,2025-09-25T20:51:54+05:30,
292,86,16,Applied,2025-08-14T19:32:54+05:30,2025-09-25T05:46:54+05:30,20,Pending,2025-09-11T04:15:54+05:30,Awaiting test result
293,86,21,Mentor_Approved,2025-08-13T12:10:54+05:30,2025-09-26T20:20:54+05:30,20,Approved,2025-09-18T07:51:54+05:30,Awaiting test result
294,86,12,Applied,2025-09-15T16:31:54+05:30,2025-09-29T02:42:54+05:30,20,Approved,2025-09-10T16:49:54+05:30,Awaiting test result
295,86,29,Applied,2025-09-23T09:18:54+05:30,2025-09-27T16:58:54+05:30,20,Rejected,2025-09-09T10:52:54+05:30,Good fit
296,87,2,Mentor_Approved,2025-07-12T11:16:54+05:30,2025-09-25T02:54:54+05:30,15,Approved,2025-09-23T13:02:54+05:30,Awaiting test result
297,87,10,Mentor_Approved,2025-09-21T16:36:54+05:30,2025-09-28T05:21:54+05:30,15,Approved,2025-09-10T10:05:54+05:30,
298,88,10,Shortlisted,2025-07-02T02:28:54+05:30,2025-09-25T05:03:54+05:30,28,Approved,2025-09-27T11:50:54+05:30,Incomplete resume
299,88,8,Completed,2025-08-09T23:43:54+05:30,2025-09-29T10:36:54+05:30,28,Approved,2025-09-14T17:52:54+05:30,
300,88,3,Applied,2025-07-30T05:54:54+05:30,2025-09-26T11:27:54+05:30,28,Rejected,2025-09-16T15:25:54+05:30,Good fit
301,88,32,Interview_Scheduled,2025-08-12T21:44:54+05:30,2025-09-26T10:47:54+05:30,28,Approved,2025-09-02T00:47:54+05:30,
302,88,9,Applied,2025-08-19T13:17:54+05:30,2025-09-28T08:41:54+05:30,28,Pending,2025-08-30T11:04:54+05:30,Incomplete resume
303,89,19,Mentor_Approved,2025-09-21T06:30:54+05:30,2025-09-28T15:17:54+05:30,11,Approved,2025-09-19T16:40:54+05:30,
304,89,27,Interview_Scheduled,2025-07-22T07:24:54+05:30,2025-09-25T00:45:54+05:30,11,Approved,2025-08-30T12:04:54+05:30,
305,89,17,Interview_Scheduled,2025-09-01T04:17:54+05:30,2025-09-26T03:18:54+05:30,11,Approved,2025-09-10T23:58:54+05:30,Good fit
306,90,11,Interview_Scheduled,2025-08-24T11:01:54+05:30,2025-09-26T19:56:54+05:30,10,Approved,2025-09-01T21:09:54+05:30,Good fit
307,90,31,Interview_Scheduled,2025-07-23T23:12:54+05:30,2025-09-25T19:30:54+05:30,10,Approved,2025-09-03T17:49:54+05:30,Incomplete resume
308,90,16,Shortlisted,2025-08-15T19:37:54+05:30,2025-09-25T11:46:54+05:30,10,Approved,2025-09-06T09:09:54+05:30,
309,91,3,Mentor_Approved,2025-07-30T03:04:54+05:30,2025-09-27T02:25:54+05:30,11,Approved,2025-09-14T14:46:54+05:30,Good fit
310,91,34,Mentor_Approved,2025-07-01T20:55:54+05:30,2025-09-25T11:28:54+05:30,11,Approved,2025-09-17T07:00:54+05:30,Good fit
311,91,11,Interview_Scheduled,2025-07-25T03:37:54+05:30,2025-09-25T16:32:54+05:30,11,Approved,2025-09-08T04:48:54+05:30,Awaiting test result
312,91,19,Shortlisted,2025-07-01T18:13:54+05:30,2025-09-25T21:35:54+05:30,11,Approved,2025-09-14T15:27:54+05:30,Awaiting test result
313,91,12,Applied,2025-09-06T10:37:54+05:30,2025-09-27T03:54:54+05:30,11,Pending,2025-09-10T08:11:54+05:30,Good fit
314,92,32,Shortlisted,2025-07-03T01:38:54+05:30,2025-09-26T16:03:54+05:30,7,Approved,2025-09-09T03:29:54+05:30,Incomplete resume
315,92,29,Applied,2025-07-23T13:13:54+05:30,2025-09-26T08:39:54+05:30,7,Approved,2025-09-04T11:36:54+05:30,Incomplete resume
316,92,35,Applied,2025-06-30T21:22:54+05:30,2025-09-27T07:07:54+05:30,7,Approved,2025-09-04T00:58:54+05:30,Good fit
317,93,14,Mentor_Approved,2025-08-08T10:07:54+05:30,2025-09-27T06:56:54+05:30,24,Approved,2025-09-16T23:20:54+05:30,Incomplete resume
318,93,10,Applied,2025-08-13T02:09:54+05:30,2025-09-28T15:11:54+05:30,24,Pending,2025-09-18T01:59:54+05:30,Awaiting test result
319,93,19,Applied,2025-07-09T05:47:54+05:30,2025-09-25T21:33:54+05:30,24,Pending,2025-09-05T22:13:54+05:30,Good fit
320,94,16,Interview_Scheduled,2025-07-12T18:43:54+05:30,2025-09-28T13:18:54+05:30,21,Approved,2025-09-08T07:16:54+05:30,Good fit
321,94,29,Mentor_Approved,2025-07-21T12:18:54+05:30,2025-09-29T08:27:54+05:30,21,Approved,2025-09-23T03:28:54+05:30,
322,94,36,Shortlisted,2025-08-12T02:56:54+05:30,2025-09-24T20:48:54+05:30,21,Approved,2025-09-07T14:42:54+05:30,Incomplete resume
323,95,1,Applied,2025-07-12T08:35:54+05:30,2025-09-28T15:00:54+05:30,6,Approved,2025-09-15T06:02:54+05:30,Incomplete resume
324,95,29,Applied,2025-08-06T23:44:54+05:30,2025-09-26T00:21:54+05:30,6,Approved,2025-09-17T20:40:54+05:30,Good fit
325,95,18,Mentor_Approved,2025-08-27T23:11:54+05:30,2025-09-29T16:42:54+05:30,6,Approved,2025-09-07T03:56:54+05:30,Good fit
326,96,28,Rejected,2025-07-15T18:24:54+05:30,2025-09-28T03:30:54+05:30,17,Approved,2025-09-21T17:00:54+05:30,
327,96,32,Interview_Scheduled,2025-09-24T09:32:54+05:30,2025-09-27T15:50:54+05:30,17,Approved,2025-09-18T08:22:54+05:30,Awaiting test result
328,96,9,Applied,2025-08-08T16:29:54+05:30,2025-09-29T07:07:54+05:30,17,Pending,2025-09-25T19:29:54+05:30,Awaiting test result
329,96,26,Offered,2025-09-15T17:51:54+05:30,2025-09-28T03:26:54+05:30,17,Approved,2025-09-13T06:56:54+05:30,
330,97,34,Applied,2025-08-17T09:05:54+05:30,2025-09-24T19:25:54+05:30,4,Rejected,2025-09-27T01:34:54+05:30,Incomplete resume
331,97,37,Rejected,2025-08-03T00:08:54+05:30,2025-09-26T01:49:54+05:30,4,Approved,2025-09-12T08:55:54+05:30,
332,97,32,Withdrawn,2025-08-11T13:02:54+05:30,2025-09-26T15:09:54+05:30,4,Rejected,2025-09-25T15:19:54+05:30,
333,97,31,Interview_Scheduled,2025-07-01T11:46:54+05:30,2025-09-25T20:39:54+05:30,4,Approved,2025-09-18T02:01:54+05:30,
334,97,2,Rejected,2025-07-20T09:15:54+05:30,2025-09-28T23:13:54+05:30,4,Approved,2025-09-12T21:31:54+05:30,Good fit
335,98,2,Mentor_Approved,2025-09-19T01:06:54+05:30,2025-09-25T18:57:54+05:30,3,Approved,2025-09-18T00:08:54+05:30,Good fit
336,98,13,Shortlisted,2025-09-17T23:04:54+05:30,2025-09-28T14:56:54+05:30,3,Approved,2025-09-17T11:08:54+05:30,Awaiting test result
337,99,7,Mentor_Approved,2025-08-08T15:27:54+05:30,2025-09-27T19:17:54+05:30,12,Approved,2025-09-22T18:43:54+05:30,Good fit
338,99,27,Offered,2025-09-10T12:48:54+05:30,2025-09-26T10:32:54+05:30,12,Approved,2025-09-10T15:47:54+05:30,Awaiting test result
339,99,35,Shortlisted,2025-07-22T23:20:54+05:30,2025-09-28T15:42:54+05:30,12,Approved,2025-09-25T00:16:54+05:30,Good fit
340,99,11,Mentor_Approved,2025-08-18T05:27:54+05:30,2025-09-27T10:58:54+05:30,12,Approved,2025-09-03T21:15:54+05:30,
341,100,28,Shortlisted,2025-08-16T22:39:54+05:30,2025-09-27T04:59:54+05:30,21,Approved,2025-08-30T05:01:54+05:30,Awaiting test result
342,100,36,Offered,2025-08-04T23:41:54+05:30,2025-09-28T12:51:54+05:30,21,Approved,2025-09-16T07:10:54+05:30,Awaiting test result
343,100,32,Shortlisted,2025-08-20T05:04:54+05:30,2025-09-26T05:29:54+05:30,21,Approved,2025-09-27T06:43:54+05:30,
344,100,15,Offered,2025-08-11T04:32:54+05:30,2025-09-26T09:44:54+05:30,21,Approved,2025-09-24T02:01:54+05:30,Good fit
345,100,6,Shortlisted,2025-09-04T12:32:54+05:30,2025-09-29T09:16:54+05:30,21,Approved,2025-09-06T14:12:54+05:30,Incomplete resume
346,101,15,Shortlisted,2025-07-25T12:05:54+05:30,2025-09-27T16:11:54+05:30,2,Approved,2025-09-21T06:23:54+05:30,Good fit
347,101,31,Shortlisted,2025-07-03T18:28:54+05:30,2025-09-28T13:59:54+05:30,2,Approved,2025-09-28T09:13:54+05:30,Incomplete resume
348,101,16,Completed,2025-08-17T02:32:54+05:30,2025-09-27T23:46:54+05:30,2,Approved,2025-09-21T15:13:54+05:30,Incomplete resume
349,102,33,Applied,2025-08-04T05:41:54+05:30,2025-09-27T06:16:54+05:30,4,Rejected,2025-09-16T07:00:54+05:30,
350,102,3,Shortlisted,2025-08-21T22:29:54+05:30,2025-09-26T11:10:54+05:30,4,Approved,2025-09-22T18:13:54+05:30,Incomplete resume
351,102,23,Interview_Scheduled,2025-09-10T09:56:54+05:30,2025-09-27T13:37:54+05:30,4,Approved,2025-09-04T02:27:54+05:30,Awaiting test result
352,102,17,Mentor_Approved,2025-07-29T03:09:54+05:30,2025-09-27T20:21:54+05:30,4,Approved,2025-09-11T04:17:54+05:30,
353,103,13,Rejected,2025-08-29T08:55:54+05:30,2025-09-29T11:07:54+05:30,15,Approved,2025-08-31T09:07:54+05:30,
354,103,21,Mentor_Approved,2025-08-10T21:54:54+05:30,2025-09-27T07:57:54+05:30,15,Approved,2025-09-10T10:17:54+05:30,
355,103,1,Applied,2025-07-17T20:26:54+05:30,2025-09-25T09:41:54+05:30,15,Approved,2025-09-23T23:48:54+05:30,
356,103,26,Applied,2025-08-04T05:12:54+05:30,2025-09-27T08:36:54+05:30,15,Rejected,2025-09-18T09:04:54+05:30,Incomplete resume
357,104,10,Shortlisted,2025-08-23T10:45:54+05:30,2025-09-27T18:18:54+05:30,13,Approved,2025-09-01T14:59:54+05:30,Awaiting test result
358,104,20,Shortlisted,2025-08-31T07:47:54+05:30,2025-09-25T06:38:54+05:30,13,Approved,2025-09-24T12:43:54+05:30,Awaiting test result
359,105,34,Applied,2025-09-08T03:54:54+05:30,2025-09-25T10:43:54+05:30,2,Rejected,2025-09-25T18:18:54+05:30,Awaiting test result
360,105,27,Interview_Scheduled,2025-09-18T12:18:54+05:30,2025-09-27T07:20:54+05:30,2,Approved,2025-09-05T03:32:54+05:30,Incomplete resume
361,105,23,Applied,2025-08-26T13:31:54+05:30,2025-09-25T15:30:54+05:30,2,Rejected,2025-09-10T21:04:54+05:30,Awaiting test result
362,105,26,Shortlisted,2025-07-17T19:16:54+05:30,2025-09-28T16:15:54+05:30,2,Approved,2025-09-21T08:27:54+05:30,Good fit
363,106,1,Mentor_Approved,2025-07-28T09:10:54+05:30,2025-09-27T20:35:54+05:30,16,Approved,2025-08-31T14:48:54+05:30,Awaiting test result
364,106,24,Shortlisted,2025-09-07T01:03:54+05:30,2025-09-28T00:03:54+05:30,16,Approved,2025-08-30T10:02:54+05:30,Incomplete resume
365,106,26,Shortlisted,2025-08-04T05:24:54+05:30,2025-09-29T06:18:54+05:30,16,Approved,2025-09-21T00:41:54+05:30,Good fit
366,106,4,Rejected,2025-08-25T17:25:54+05:30,2025-09-27T10:35:54+05:30,16,Approved,2025-09-25T03:05:54+05:30,
367,107,7,Mentor_Approved,2025-08-29T12:27:54+05:30,2025-09-25T18:00:54+05:30,22,Approved,2025-09-04T13:13:54+05:30,Awaiting test result
368,107,30,Shortlisted,2025-08-01T11:41:54+05:30,2025-09-26T19:45:54+05:30,22,Approved,2025-09-11T00:42:54+05:30,Good fit
369,107,5,Shortlisted,2025-09-10T09:02:54+05:30,2025-09-27T01:10:54+05:30,22,Approved,2025-09-12T21:34:54+05:30,Good fit
370,108,31,Shortlisted,2025-09-16T04:07:54+05:30,2025-09-28T09:00:54+05:30,24,Approved,2025-09-06T04:44:54+05:30,Incomplete resume
371,108,32,Applied,2025-08-28T19:13:54+05:30,2025-09-25T09:42:54+05:30,24,Rejected,2025-09-15T09:58:54+05:30,Incomplete resume
372,108,21,Mentor_Approved,2025-07-08T13:34:54+05:30,2025-09-26T19:17:54+05:30,24,Approved,2025-09-16T02:06:54+05:30,
373,108,29,Shortlisted,2025-09-18T08:09:54+05:30,2025-09-27T00:46:54+05:30,24,Approved,2025-09-01T10:32:54+05:30,
374,108,16,Interview_Scheduled,2025-08-24T16:21:54+05:30,2025-09-26T04:20:54+05:30,24,Approved,2025-09-24T01:38:54+05:30,
375,109,30,Rejected,2025-08-28T21:10:54+05:30,2025-09-25T21:56:54+05:30,18,Approved,2025-09-10T15:57:54+05:30,Incomplete resume
376,109,11,Applied,2025-08-27T21:59:54+05:30,2025-09-26T18:13:54+05:30,18,Rejected,2025-09-04T03:53:54+05:30,Incomplete resume
377,110,32,Offered,2025-09-19T02:19:54+05:30,2025-09-26T11:48:54+05:30,12,Approved,2025-09-06T21:38:54+05:30,
378,110,19,Mentor_Approved,2025-08-25T23:09:54+05:30,2025-09-25T18:49:54+05:30,12,Approved,2025-09-27T08:25:54+05:30,
379,110,28,Rejected,2025-09-05T05:05:54+05:30,2025-09-27T06:15:54+05:30,12,Approved,2025-08-30T23:09:54+05:30,Incomplete resume
380,110,17,Rejected,2025-08-18T00:21:54+05:30,2025-09-27T23:26:54+05:30,12,Approved,2025-09-11T02:58:54+05:30,
381,110,18,Completed,2025-08-11T14:46:54+05:30,2025-09-25T15:04:54+05:30,12,Approved,2025-09-20T12:59:54+05:30,
382,111,1,Interview_Scheduled,2025-07-30T07:06:54+05:30,2025-09-25T12:15:54+05:30,5,Approved,2025-09-06T08:40:54+05:30,
383,111,5,Shortlisted,2025-09-24T02:21:54+05:30,2025-09-29T11:16:54+05:30,5,Approved,2025-09-20T17:38:54+05:30,Incomplete resume
384,111,18,Shortlisted,2025-07-23T07:51:54+05:30,2025-09-27T23:50:54+05:30,5,Approved,2025-09-27T17:25:54+05:30,Awaiting test result
385,111,25,Interview_Scheduled,2025-07-21T05:43:54+05:30,2025-09-25T14:54:54+05:30,5,Approved,2025-09-16T05:10:54+05:30,Awaiting test result
386,111,17,Applied,2025-07-09T11:47:54+05:30,2025-09-26T21:39:54+05:30,5,Approved,2025-09-28T04:35:54+05:30,Awaiting test result
387,112,37,Rejected,2025-07-10T01:21:54+05:30,2025-09-27T20:00:54+05:30,21,Approved,2025-09-20T16:05:54+05:30,
388,112,23,Mentor_Approved,2025-08-26T14:05:54+05:30,2025-09-27T03:26:54+05:30,21,Approved,2025-09-02T19:59:54+05:30,Incomplete resume
389,112,7,Rejected,2025-07-06T04:14:54+05:30,2025-09-28T18:44:54+05:30,21,Approved,2025-09-18T20:09:54+05:30,
390,112,1,Interview_Scheduled,2025-08-06T21:52:54+05:30,2025-09-26T02:58:54+05:30,21,Approved,2025-09-26T08:18:54+05:30,Incomplete resume
391,113,17,Interview_Scheduled,2025-09-02T05:22:54+05:30,2025-09-28T04:21:54+05:30,15,Approved,2025-09-19T13:08:54+05:30,
392,113,37,Mentor_Approved,2025-07-27T17:22:54+05:30,2025-09-28T04:16:54+05:30,15,Approved,2025-09-04T05:45:54+05:30,Incomplete resume
393,113,33,Shortlisted,2025-09-23T13:45:54+05:30,2025-09-26T16:25:54+05:30,15,Approved,2025-09-22T07:57:54+05:30,Awaiting test result
394,114,34,Offered,2025-07-14T15:21:54+05:30,2025-09-26T10:03:54+05:30,2,Approved,2025-09-18T01:06:54+05:30,
395,114,23,Completed,2025-07-14T17:27:54+05:30,2025-09-28T05:06:54+05:30,2,Approved,2025-08-31T10:52:54+05:30,
396,115,3,Applied,2025-09-06T21:32:54+05:30,2025-09-29T17:47:54+05:30,7,Approved,2025-09-27T14:29:54+05:30,Awaiting test result
397,115,37,Shortlisted,2025-08-12T21:05:54+05:30,2025-09-24T20:45:54+05:30,7,Approved,2025-09-11T20:48:54+05:30,Good fit
398,116,23,Applied,2025-08-05T04:27:54+05:30,2025-09-26T15:40:54+05:30,22,Rejected,2025-09-10T23:02:54+05:30,Incomplete resume
399,116,22,Applied,2025-08-10T08:57:54+05:30,2025-09-26T11:02:54+05:30,22,Pending,2025-09-26T10:28:54+05:30,Good fit
400,117,36,Shortlisted,2025-08-13T21:03:54+05:30,2025-09-26T12:22:54+05:30,13,Approved,2025-09-13T06:40:54+05:30,Awaiting test result
401,117,1,Offered,2025-09-10T05:32:54+05:30,2025-09-27T12:37:54+05:30,13,Approved,2025-09-25T07:17:54+05:30,
402,117,25,Mentor_Approved,2025-08-02T03:40:54+05:30,2025-09-28T23:34:54+05:30,13,Approved,2025-09-16T18:56:54+05:30,
403,117,34,Mentor_Approved,2025-08-06T23:17:54+05:30,2025-09-28T17:17:54+05:30,13,Approved,2025-09-05T09:36:54+05:30,Good fit
404,117,28,Shortlisted,2025-09-21T21:22:54+05:30,2025-09-28T17:08:54+05:30,13,Approved,2025-09-10T10:43:54+05:30,
405,118,15,Applied,2025-08-14T12:42:54+05:30,2025-09-27T03:08:54+05:30,8,Rejected,2025-09-11T03:38:54+05:30,Incomplete resume
406,118,33,Applied,2025-08-26T09:16:54+05:30,2025-09-27T07:52:54+05:30,8,Rejected,2025-08-30T08:19:54+05:30,Incomplete resume
407,118,36,Offered,2025-08-11T06:33:54+05:30,2025-09-25T22:58:54+05:30,8,Approved,2025-09-26T13:04:54+05:30,
408,119,16,Mentor_Approved,2025-08-25T07:40:54+05:30,2025-09-27T22:09:54+05:30,26,Approved,2025-09-26T02:31:54+05:30,
409,119,32,Mentor_Approved,2025-08-21T14:57:54+05:30,2025-09-29T18:20:54+05:30,26,Approved,2025-09-13T13:41:54+05:30,Good fit
410,119,34,Offered,2025-09-18T21:29:54+05:30,2025-09-28T10:23:54+05:30,26,Approved,2025-09-09T12:03:54+05:30,
411,119,19,Mentor_Approved,2025-08-27T21:32:54+05:30,2025-09-25T10:27:54+05:30,26,Approved,2025-09-22T06:42:54+05:30,Good fit
412,119,23,Offered,2025-08-16T17:58:54+05:30,2025-09-28T18:44:54+05:30,26,Approved,2025-09-19T05:39:54+05:30,
413,120,26,Offered,2025-08-29T18:44:54+05:30,2025-09-26T20:38:54+05:30,7,Approved,2025-09-03T03:12:54+05:30,
414,120,28,Mentor_Approved,2025-07-02T18:49:54+05:30,2025-09-28T23:57:54+05:30,7,Approved,2025-09-21T14:46:54+05:30,Good fit
415,120,36,Mentor_Approved,2025-08-17T04:03:54+05:30,2025-09-25T17:27:54+05:30,7,Approved,2025-09-24T12:44:54+05:30,
416,120,16,Offered,2025-07-15T15:31:54+05:30,2025-09-25T23:46:54+05:30,7,Approved,2025-09-02T09:23:54+05:30,Incomplete resume
417,121,24,Offered,2025-08-14T18:57:54+05:30,2025-09-27T02:19:54+05:30,6,Approved,2025-09-13T20:30:54+05:30,Incomplete resume
418,121,33,Applied,2025-08-24T17:08:54+05:30,2025-09-29T03:41:54+05:30,6,Pending,2025-09-05T05:23:54+05:30,Good fit
419,121,2,Mentor_Approved,2025-07-31T22:42:54+05:30,2025-09-27T14:59:54+05:30,6,Approved,2025-08-31T06:27:54+05:30,Awaiting test result
420,121,11,Shortlisted,2025-09-24T16:47:54+05:30,2025-09-25T13:50:54+05:30,6,Approved,2025-09-09T23:23:54+05:30,Good fit
421,122,5,Mentor_Approved,2025-08-26T19:16:54+05:30,2025-09-28T01:48:54+05:30,25,Approved,2025-09-24T08:23:54+05:30,Good fit
422,122,3,Applied,2025-09-03T19:07:54+05:30,2025-09-25T06:00:54+05:30,25,Rejected,2025-09-01T21:45:54+05:30,Good fit
423,123,13,Mentor_Approved,2025-08-04T11:50:54+05:30,2025-09-28T07:59:54+05:30,6,Approved,2025-09-21T14:47:54+05:30,Awaiting test result
424,123,5,Mentor_Approved,2025-07-10T04:20:54+05:30,2025-09-26T00:11:54+05:30,6,Approved,2025-09-15T18:40:54+05:30,Good fit
425,123,4,Applied,2025-08-18T04:56:54+05:30,2025-09-25T01:52:54+05:30,6,Approved,2025-09-08T14:38:54+05:30,Incomplete resume
426,123,11,Shortlisted,2025-08-07T07:02:54+05:30,2025-09-24T22:09:54+05:30,6,Approved,2025-09-23T00:05:54+05:30,
427,124,37,Applied,2025-08-22T07:39:54+05:30,2025-09-25T15:07:54+05:30,20,Rejected,2025-09-08T10:52:54+05:30,
428,124,26,Applied,2025-09-09T12:30:54+05:30,2025-09-29T13:21:54+05:30,20,Approved,2025-09-01T01:35:54+05:30,Incomplete resume
429,124,7,Shortlisted,2025-08-01T21:40:54+05:30,2025-09-29T08:23:54+05:30,20,Approved,2025-09-12T03:42:54+05:30,
430,124,4,Interview_Scheduled,2025-07-06T18:52:54+05:30,2025-09-26T06:51:54+05:30,20,Approved,2025-08-30T05:47:54+05:30,Awaiting test result
431,124,24,Applied,2025-08-17T01:19:54+05:30,2025-09-28T21:47:54+05:30,20,Rejected,2025-09-25T02:28:54+05:30,
432,125,8,Mentor_Approved,2025-09-23T21:12:54+05:30,2025-09-27T07:01:54+05:30,12,Approved,2025-09-02T16:52:54+05:30,Good fit
433,125,28,Offered,2025-08-16T22:36:54+05:30,2025-09-27T20:16:54+05:30,12,Approved,2025-09-07T12:27:54+05:30,Awaiting test result
434,125,9,Mentor_Approved,2025-09-06T16:46:54+05:30,2025-09-28T22:28:54+05:30,12,Approved,2025-09-23T02:36:54+05:30,Good fit
435,125,2,Mentor_Approved,2025-08-13T15:54:54+05:30,2025-09-25T00:00:54+05:30,12,Approved,2025-08-30T11:33:54+05:30,
436,125,13,Mentor_Approved,2025-09-21T03:02:54+05:30,2025-09-26T23:16:54+05:30,12,Approved,2025-09-24T10:03:54+05:30,
437,126,29,Rejected,2025-09-13T07:09:54+05:30,2025-09-25T06:16:54+05:30,24,Rejected,2025-09-06T23:32:54+05:30,Awaiting test result
438,126,37,Interview_Scheduled,2025-08-23T04:19:54+05:30,2025-09-26T02:08:54+05:30,24,Approved,2025-09-22T03:44:54+05:30,Incomplete resume
439,126,2,Mentor_Approved,2025-09-04T21:48:54+05:30,2025-09-29T06:19:54+05:30,24,Approved,2025-09-06T23:54:54+05:30,
440,126,11,Shortlisted,2025-08-10T12:52:54+05:30,2025-09-26T19:21:54+05:30,24,Approved,2025-09-05T13:00:54+05:30,Good fit
441,127,22,Interview_Scheduled,2025-09-21T08:50:54+05:30,2025-09-24T23:54:54+05:30,6,Approved,2025-09-14T15:51:54+05:30,Good fit
442,127,9,Shortlisted,2025-08-17T00:35:54+05:30,2025-09-26T17:05:54+05:30,6,Approved,2025-09-04T18:51:54+05:30,Awaiting test result
443,127,29,Shortlisted,2025-07-24T01:35:54+05:30,2025-09-25T18:36:54+05:30,6,Approved,2025-09-06T10:13:54+05:30,
444,127,1,Shortlisted,2025-09-04T13:38:54+05:30,2025-09-26T11:13:54+05:30,6,Approved,2025-08-31T23:23:54+05:30,Incomplete resume
445,128,4,Interview_Scheduled,2025-08-08T03:03:54+05:30,2025-09-28T15:25:54+05:30,9,Approved,2025-09-19T03:38:54+05:30,Awaiting test result
446,128,14,Shortlisted,2025-09-16T12:24:54+05:30,2025-09-25T22:53:54+05:30,9,Approved,2025-09-27T00:29:54+05:30,
447,129,3,Rejected,2025-07-27T03:24:54+05:30,2025-09-26T10:48:54+05:30,14,Approved,2025-09-04T23:24:54+05:30,
448,129,21,Mentor_Approved,2025-07-05T20:28:54+05:30,2025-09-29T13:34:54+05:30,14,Approved,2025-09-16T21:35:54+05:30,Incomplete resume
449,129,13,Mentor_Approved,2025-07-04T16:32:54+05:30,2025-09-27T02:18:54+05:30,14,Approved,2025-09-27T05:15:54+05:30,Incomplete resume
450,129,10,Mentor_Approved,2025-09-18T09:23:54+05:30,2025-09-25T09:07:54+05:30,14,Approved,2025-09-21T11:47:54+05:30,Incomplete resume
451,129,34,Interview_Scheduled,2025-07-13T23:36:54+05:30,2025-09-25T19:24:54+05:30,14,Approved,2025-09-08T01:27:54+05:30,Good fit
452,130,19,Applied,2025-07-30T13:33:54+05:30,2025-09-25T10:23:54+05:30,22,Pending,2025-09-28T07:45:54+05:30,Awaiting test result
453,130,20,Rejected,2025-06-30T21:09:54+05:30,2025-09-29T02:27:54+05:30,22,Rejected,2025-09-24T18:21:54+05:30,
454,130,12,Shortlisted,2025-08-03T03:42:54+05:30,2025-09-25T22:29:54+05:30,22,Approved,2025-09-05T20:01:54+05:30,Incomplete resume
455,130,23,Mentor_Approved,2025-09-18T13:54:54+05:30,2025-09-27T00:34:54+05:30,22,Approved,2025-09-03T09:45:54+05:30,Incomplete resume
456,131,8,Applied,2025-07-13T06:45:54+05:30,2025-09-27T10:21:54+05:30,23,Approved,2025-09-18T07:49:54+05:30,Awaiting test result
457,131,2,Shortlisted,2025-08-14T02:10:54+05:30,2025-09-28T23:55:54+05:30,23,Approved,2025-09-09T14:07:54+05:30,
458,132,11,Shortlisted,2025-09-23T17:41:54+05:30,2025-09-28T07:33:54+05:30,14,Approved,2025-09-20T03:45:54+05:30,Good fit
459,132,3,Offered,2025-07-17T06:42:54+05:30,2025-09-25T12:00:54+05:30,14,Approved,2025-09-19T02:11:54+05:30,
460,132,15,Mentor_Approved,2025-08-06T00:46:54+05:30,2025-09-29T07:29:54+05:30,14,Approved,2025-09-03T18:55:54+05:30,
461,132,20,Shortlisted,2025-09-12T07:23:54+05:30,2025-09-26T11:36:54+05:30,14,Approved,2025-09-22T09:45:54+05:30,
462,132,23,Mentor_Approved,2025-08-23T04:28:54+05:30,2025-09-29T10:04:54+05:30,14,Approved,2025-08-29T23:14:54+05:30,Good fit
463,133,26,Shortlisted,2025-07-23T09:29:54+05:30,2025-09-27T02:57:54+05:30,13,Approved,2025-09-25T02:20:54+05:30,Good fit
464,133,12,Interview_Scheduled,2025-07-29T20:10:54+05:30,2025-09-25T02:56:54+05:30,13,Approved,2025-09-13T00:26:54+05:30,
465,133,21,Shortlisted,2025-08-23T03:58:54+05:30,2025-09-26T21:54:54+05:30,13,Approved,2025-09-24T20:24:54+05:30,
466,133,18,Shortlisted,2025-09-08T08:13:54+05:30,2025-09-26T15:06:54+05:30,13,Approved,2025-09-25T20:02:54+05:30,Good fit
467,133,7,Offered,2025-08-03T02:09:54+05:30,2025-09-26T03:41:54+05:30,13,Approved,2025-09-25T05:07:54+05:30,Good fit
468,134,33,Mentor_Approved,2025-07-30T05:31:54+05:30,2025-09-26T23:35:54+05:30,3,Approved,2025-09-03T09:55:54+05:30,Good fit
469,134,1,Mentor_Approved,2025-08-24T14:08:54+05:30,2025-09-25T23:56:54+05:30,3,Approved,2025-09-12T04:08:54+05:30,
470,134,14,Mentor_Approved,2025-08-19T15:42:54+05:30,2025-09-26T01:16:54+05:30,3,Approved,2025-09-11T00:06:54+05:30,
471,135,19,Rejected,2025-09-01T22:17:54+05:30,2025-09-27T21:26:54+05:30,4,Rejected,2025-09-12T16:02:54+05:30,
472,135,21,Interview_Scheduled,2025-07-29T10:46:54+05:30,2025-09-26T08:51:54+05:30,4,Approved,2025-09-15T18:09:54+05:30,Awaiting test result
473,135,12,Shortlisted,2025-08-25T08:48:54+05:30,2025-09-27T22:42:54+05:30,4,Approved,2025-09-27T23:04:54+05:30,
474,135,29,Mentor_Approved,2025-08-14T08:02:54+05:30,2025-09-25T06:07:54+05:30,4,Approved,2025-09-10T22:11:54+05:30,Incomplete resume
475,136,32,Offered,2025-08-15T22:49:54+05:30,2025-09-29T02:22:54+05:30,27,Approved,2025-09-24T13:46:54+05:30,
476,136,3,Shortlisted,2025-07-12T16:07:54+05:30,2025-09-27T12:32:54+05:30,27,Approved,2025-08-29T21:28:54+05:30,Good fit
477,136,19,Mentor_Approved,2025-07-10T17:28:54+05:30,2025-09-28T16:37:54+05:30,27,Approved,2025-09-01T22:29:54+05:30,Awaiting test result
478,136,34,Interview_Scheduled,2025-07-02T09:47:54+05:30,2025-09-29T12:13:54+05:30,27,Approved,2025-09-17T09:42:54+05:30,Awaiting test result
479,136,37,Rejected,2025-08-10T01:15:54+05:30,2025-09-29T08:17:54+05:30,27,Rejected,2025-09-05T01:10:54+05:30,
480,137,21,Mentor_Approved,2025-07-20T00:37:54+05:30,2025-09-24T19:20:54+05:30,9,Approved,2025-09-02T00:01:54+05:30,
481,137,11,Interview_Scheduled,2025-07-12T09:24:54+05:30,2025-09-26T09:49:54+05:30,9,Approved,2025-09-28T13:36:54+05:30,Good fit
482,137,6,Shortlisted,2025-08-25T20:17:54+05:30,2025-09-25T13:10:54+05:30,9,Approved,2025-09-22T22:06:54+05:30,Good fit
483,137,3,Rejected,2025-08-24T09:33:54+05:30,2025-09-25T00:33:54+05:30,9,Rejected,2025-09-10T13:19:54+05:30,Awaiting test result
484,137,25,Shortlisted,2025-07-22T22:03:54+05:30,2025-09-26T03:57:54+05:30,9,Approved,2025-09-20T12:48:54+05:30,Incomplete resume
485,138,23,Mentor_Approved,2025-07-14T01:02:54+05:30,2025-09-28T00:23:54+05:30,3,Approved,2025-09-07T20:44:54+05:30,Good fit
486,138,5,Applied,2025-09-24T00:43:54+05:30,2025-09-28T21:20:54+05:30,3,Approved,2025-09-20T04:40:54+05:30,Awaiting test result
487,138,31,Applied,2025-08-05T11:45:54+05:30,2025-09-26T15:14:54+05:30,3,Approved,2025-09-08T14:14:54+05:30,Good fit
488,138,29,Completed,2025-07-26T18:40:54+05:30,2025-09-28T18:41:54+05:30,3,Approved,2025-09-28T03:57:54+05:30,
489,139,26,Applied,2025-09-12T15:10:54+05:30,2025-09-29T10:19:54+05:30,1,Approved,2025-09-11T22:54:54+05:30,
490,139,32,Offered,2025-08-31T02:24:54+05:30,2025-09-26T20:23:54+05:30,1,Approved,2025-09-04T04:03:54+05:30,Good fit
491,139,19,Shortlisted,2025-09-08T08:02:54+05:30,2025-09-25T17:44:54+05:30,1,Approved,2025-09-19T03:51:54+05:30,Good fit
492,139,2,Shortlisted,2025-07-27T18:47:54+05:30,2025-09-25T17:22:54+05:30,1,Approved,2025-09-07T07:54:54+05:30,Awaiting test result
493,140,4,Shortlisted,2025-09-24T14:36:54+05:30,2025-09-29T04:55:54+05:30,13,Approved,2025-09-21T21:52:54+05:30,Incomplete resume
494,140,23,Completed,2025-07-11T08:03:54+05:30,2025-09-29T04:27:54+05:30,13,Approved,2025-09-08T16:33:54+05:30,Good fit
495,141,37,Rejected,2025-07-20T17:53:54+05:30,2025-09-27T18:09:54+05:30,1,Approved,2025-09-26T10:54:54+05:30,
496,141,36,Mentor_Approved,2025-07-16T01:06:54+05:30,2025-09-25T01:33:54+05:30,1,Approved,2025-09-18T03:21:54+05:30,
497,141,19,Mentor_Approved,2025-07-03T10:52:54+05:30,2025-09-25T21:40:54+05:30,1,Approved,2025-09-20T05:18:54+05:30,
498,141,14,Interview_Scheduled,2025-08-04T22:34:54+05:30,2025-09-27T13:08:54+05:30,1,Approved,2025-09-12T23:57:54+05:30,Good fit
499,141,20,Offered,2025-09-23T21:52:54+05:30,2025-09-27T23:03:54+05:30,1,Approved,2025-09-09T11:42:54+05:30,Incomplete resume
500,142,36,Shortlisted,2025-09-07T06:37:54+05:30,2025-09-29T17:53:54+05:30,23,Approved,2025-09-15T16:08:54+05:30,
501,142,15,Rejected,2025-08-06T08:03:54+05:30,2025-09-29T13:54:54+05:30,23,Approved,2025-09-02T08:19:54+05:30,Good fit
502,142,23,Mentor_Approved,2025-07-14T20:15:54+05:30,2025-09-27T00:50:54+05:30,23,Approved,2025-08-30T21:36:54+05:30,
503,142,4,Mentor_Approved,2025-07-29T06:51:54+05:30,2025-09-26T18:04:54+05:30,23,Approved,2025-09-07T12:02:54+05:30,Incomplete resume
504,143,8,Shortlisted,2025-07-28T04:33:54+05:30,2025-09-24T23:17:54+05:30,15,Approved,2025-09-07T04:35:54+05:30,Awaiting test result
505,143,2,Shortlisted,2025-09-06T16:48:54+05:30,2025-09-27T18:10:54+05:30,15,Approved,2025-09-23T02:16:54+05:30,Good fit
506,143,27,Mentor_Approved,2025-09-18T17:09:54+05:30,2025-09-26T03:24:54+05:30,15,Approved,2025-08-30T10:37:54+05:30,Incomplete resume
507,144,3,Rejected,2025-09-13T19:11:54+05:30,2025-09-28T13:18:54+05:30,17,Approved,2025-09-26T10:42:54+05:30,
508,144,19,Rejected,2025-08-18T01:19:54+05:30,2025-09-29T06:06:54+05:30,17,Approved,2025-09-02T07:56:54+05:30,
509,145,15,Offered,2025-09-08T08:38:54+05:30,2025-09-25T15:44:54+05:30,26,Approved,2025-09-02T10:31:54+05:30,
510,145,6,Offered,2025-07-01T09:06:54+05:30,2025-09-27T21:48:54+05:30,26,Approved,2025-09-22T15:48:54+05:30,
511,145,21,Applied,2025-09-23T11:50:54+05:30,2025-09-28T03:01:54+05:30,26,Approved,2025-08-30T03:17:54+05:30,Incomplete resume
512,145,26,Shortlisted,2025-07-17T03:05:54+05:30,2025-09-26T19:10:54+05:30,26,Approved,2025-09-14T01:27:54+05:30,Awaiting test result
513,146,3,Mentor_Approved,2025-08-18T14:01:54+05:30,2025-09-26T09:13:54+05:30,5,Approved,2025-09-26T13:10:54+05:30,
514,146,2,Applied,2025-07-03T04:20:54+05:30,2025-09-27T17:59:54+05:30,5,Pending,2025-09-08T07:22:54+05:30,
515,146,6,Applied,2025-08-19T15:45:54+05:30,2025-09-29T03:35:54+05:30,5,Pending,2025-09-07T02:53:54+05:30,
516,147,37,Shortlisted,2025-08-29T22:22:54+05:30,2025-09-28T14:20:54+05:30,23,Approved,2025-09-09T00:57:54+05:30,Incomplete resume
517,147,15,Mentor_Approved,2025-08-26T17:01:54+05:30,2025-09-28T17:46:54+05:30,23,Approved,2025-09-01T07:06:54+05:30,
518,147,28,Mentor_Approved,2025-07-14T17:55:54+05:30,2025-09-24T20:27:54+05:30,23,Approved,2025-08-30T12:20:54+05:30,
519,147,9,Interview_Scheduled,2025-07-10T19:15:54+05:30,2025-09-29T12:21:54+05:30,23,Approved,2025-09-05T19:26:54+05:30,Good fit
520,147,13,Interview_Scheduled,2025-08-20T08:18:54+05:30,2025-09-28T20:49:54+05:30,23,Approved,2025-09-13T17:24:54+05:30,Incomplete resume
521,148,14,Shortlisted,2025-07-06T23:05:54+05:30,2025-09-25T11:23:54+05:30,28,Approved,2025-09-26T06:34:54+05:30,Awaiting test result
522,148,25,Offered,2025-07-27T12:55:54+05:30,2025-09-27T14:59:54+05:30,28,Approved,2025-08-30T04:00:54+05:30,
523,149,7,Mentor_Approved,2025-07-12T11:22:54+05:30,2025-09-28T16:16:54+05:30,25,Approved,2025-09-12T12:42:54+05:30,Awaiting test result
524,149,20,Applied,2025-08-07T17:19:54+05:30,2025-09-25T03:18:54+05:30,25,Pending,2025-08-31T22:17:54+05:30,Awaiting test result
525,149,26,Applied,2025-08-24T20:44:54+05:30,2025-09-29T13:14:54+05:30,25,Rejected,2025-09-21T04:21:54+05:30,Good fit
526,149,18,Interview_Scheduled,2025-08-10T16:51:54+05:30,2025-09-28T20:18:54+05:30,25,Approved,2025-09-02T02:26:54+05:30,Awaiting test result
527,150,14,Mentor_Approved,2025-09-05T05:27:54+05:30,2025-09-25T13:51:54+05:30,4,Approved,2025-09-22T12:32:54+05:30,
528,150,3,Shortlisted,2025-09-23T13:19:54+05:30,2025-09-26T11:10:54+05:30,4,Approved,2025-09-07T01:02:54+05:30,Incomplete resume
529,150,36,Interview_Scheduled,2025-07-13T20:47:54+05:30,2025-09-26T14:01:54+05:30,4,Approved,2025-09-19T18:43:54+05:30,
530,151,28,Offered,2025-07-06T19:52:54+05:30,2025-09-25T12:45:54+05:30,23,Approved,2025-09-27T12:01:54+05:30,Incomplete resume
531,151,24,Shortlisted,2025-07-26T09:13:54+05:30,2025-09-28T09:41:54+05:30,23,Approved,2025-09-13T21:15:54+05:30,
532,151,33,Shortlisted,2025-09-02T21:59:54+05:30,2025-09-25T23:53:54+05:30,23,Approved,2025-09-19T08:21:54+05:30,
533,151,27,Applied,2025-09-19T08:06:54+05:30,2025-09-29T04:37:54+05:30,23,Pending,2025-09-11T12:02:54+05:30,
534,151,18,Offered,2025-07-15T18:44:54+05:30,2025-09-24T21:25:54+05:30,23,Approved,2025-09-05T04:43:54+05:30,
535,152,8,Rejected,2025-08-15T22:16:54+05:30,2025-09-25T19:35:54+05:30,20,Approved,2025-09-10T22:25:54+05:30,
536,152,9,Applied,2025-09-10T12:50:54+05:30,2025-09-27T08:59:54+05:30,20,Pending,2025-09-21T07:12:54+05:30,Incomplete resume
537,152,6,Shortlisted,2025-09-12T20:12:54+05:30,2025-09-25T08:48:54+05:30,20,Approved,2025-09-20T11:10:54+05:30,
538,152,18,Applied,2025-07-04T06:45:54+05:30,2025-09-29T16:14:54+05:30,20,Rejected,2025-09-15T19:50:54+05:30,Awaiting test result
539,152,3,Interview_Scheduled,2025-07-14T00:35:54+05:30,2025-09-27T00:58:54+05:30,20,Approved,2025-09-05T13:29:54+05:30,Incomplete resume
540,153,12,Completed,2025-09-05T21:01:54+05:30,2025-09-29T04:42:54+05:30,12,Approved,2025-09-02T13:39:54+05:30,Incomplete resume
541,153,5,Rejected,2025-09-15T02:31:54+05:30,2025-09-28T02:21:54+05:30,12,Approved,2025-09-02T21:17:54+05:30,Incomplete resume
542,153,16,Mentor_Approved,2025-07-03T21:19:54+05:30,2025-09-25T18:47:54+05:30,12,Approved,2025-09-21T08:36:54+05:30,
543,153,1,Mentor_Approved,2025-07-02T10:42:54+05:30,2025-09-27T17:13:54+05:30,12,Approved,2025-09-23T05:00:54+05:30,
544,153,3,Rejected,2025-07-09T23:34:54+05:30,2025-09-27T04:33:54+05:30,12,Rejected,2025-09-02T14:04:54+05:30,
545,154,4,Shortlisted,2025-07-24T01:06:54+05:30,2025-09-29T11:55:54+05:30,14,Approved,2025-09-27T21:45:54+05:30,
546,154,17,Mentor_Approved,2025-07-17T00:19:54+05:30,2025-09-29T07:19:54+05:30,14,Approved,2025-09-14T11:16:54+05:30,Good fit
547,154,2,Mentor_Approved,2025-08-05T06:23:54+05:30,2025-09-26T16:24:54+05:30,14,Approved,2025-09-16T11:10:54+05:30,
548,155,11,Mentor_Approved,2025-07-21T15:46:54+05:30,2025-09-29T19:05:54+05:30,20,Approved,2025-09-13T09:29:54+05:30,Incomplete resume
549,155,9,Rejected,2025-09-03T19:28:54+05:30,2025-09-26T08:18:54+05:30,20,Approved,2025-09-18T02:15:54+05:30,Incomplete resume
550,155,21,Shortlisted,2025-09-09T01:01:54+05:30,2025-09-26T23:03:54+05:30,20,Approved,2025-09-25T11:21:54+05:30,
551,155,28,Withdrawn,2025-09-07T08:10:54+05:30,2025-09-29T04:16:54+05:30,20,Approved,2025-08-30T05:47:54+05:30,Incomplete resume
552,156,36,Offered,2025-09-07T08:54:54+05:30,2025-09-28T08:18:54+05:30,23,Approved,2025-09-07T06:14:54+05:30,
553,156,30,Interview_Scheduled,2025-07-12T05:28:54+05:30,2025-09-29T12:20:54+05:30,23,Approved,2025-09-07T19:37:54+05:30,
554,156,21,Shortlisted,2025-07-23T16:49:54+05:30,2025-09-25T18:46:54+05:30,23,Approved,2025-09-15T08:56:54+05:30,
555,156,29,Mentor_Approved,2025-07-26T12:52:54+05:30,2025-09-25T18:48:54+05:30,23,Approved,2025-09-06T02:25:54+05:30,Awaiting test result
556,156,35,Mentor_Approved,2025-08-01T15:07:54+05:30,2025-09-28T00:26:54+05:30,23,Approved,2025-09-13T21:46:54+05:30,Good fit
557,157,4,Withdrawn,2025-08-18T14:23:54+05:30,2025-09-28T10:54:54+05:30,25,Rejected,2025-09-05T19:42:54+05:30,
558,157,33,Shortlisted,2025-09-09T13:47:54+05:30,2025-09-28T09:45:54+05:30,25,Approved,2025-09-12T03:32:54+05:30,Incomplete resume
559,157,27,Offered,2025-08-29T12:42:54+05:30,2025-09-26T11:26:54+05:30,25,Approved,2025-09-14T03:47:54+05:30,Incomplete resume
560,157,31,Applied,2025-07-09T15:35:54+05:30,2025-09-28T08:27:54+05:30,25,Approved,2025-09-24T22:28:54+05:30,Incomplete resume
561,157,35,Completed,2025-08-29T03:21:54+05:30,2025-09-25T05:54:54+05:30,25,Approved,2025-09-22T00:33:54+05:30,Incomplete resume
562,158,29,Mentor_Approved,2025-07-27T01:45:54+05:30,2025-09-28T13:05:54+05:30,1,Approved,2025-09-01T17:07:54+05:30,
563,158,5,Mentor_Approved,2025-09-01T13:19:54+05:30,2025-09-27T06:27:54+05:30,1,Approved,2025-09-26T14:18:54+05:30,
564,158,11,Offered,2025-08-16T20:04:54+05:30,2025-09-27T00:55:54+05:30,1,Approved,2025-09-20T16:11:54+05:30,Good fit
565,158,17,Interview_Scheduled,2025-07-12T07:49:54+05:30,2025-09-26T05:51:54+05:30,1,Approved,2025-09-06T17:35:54+05:30,Awaiting test result
566,159,9,Mentor_Approved,2025-07-15T12:01:54+05:30,2025-09-26T02:50:54+05:30,8,Approved,2025-09-09T08:26:54+05:30,Good fit
567,159,6,Shortlisted,2025-08-23T00:58:54+05:30,2025-09-27T05:34:54+05:30,8,Approved,2025-09-01T15:54:54+05:30,
568,159,16,Mentor_Approved,2025-09-17T06:16:54+05:30,2025-09-26T19:57:54+05:30,8,Approved,2025-09-27T19:43:54+05:30,Awaiting test result
569,159,36,Applied,2025-08-30T11:50:54+05:30,2025-09-26T17:45:54+05:30,8,Rejected,2025-09-12T07:25:54+05:30,Awaiting test result
570,159,15,Shortlisted,2025-07-31T15:50:54+05:30,2025-09-25T06:42:54+05:30,8,Approved,2025-09-04T10:13:54+05:30,Incomplete resume
571,160,8,Interview_Scheduled,2025-09-01T21:53:54+05:30,2025-09-29T03:26:54+05:30,17,Approved,2025-09-19T17:55:54+05:30,
572,160,3,Mentor_Approved,2025-08-05T17:06:54+05:30,2025-09-25T20:58:54+05:30,17,Approved,2025-08-30T17:34:54+05:30,Good fit
